"Report Refresh Date";"User Principal Name";"Display Name";"Is Deleted";"Deleted Date";"Last Activity Date";"Send Count";"Receive Count";"Read Count";"Meeting Created Count";"Meeting Interacted Count";"Assigned Products";"Report Period"
"2023-07-29";"1295@anonimo.com";;"False";;"2023-07-28";418;2174;1380;33;198;"MICROSOFT 365 AUDIO CONFERENCING+OFFICE 365 E5 WITHOUT AUDIO CONFERENCING+WINDOWS 10/11 ENTERPRISE E5+MICROSOFT STREAM TRIAL+MICROSOFT POWER AUTOMATE FREE";180
"2023-07-29";"4825@anonimo.com";;"False";;"2023-07-28";178;2950;849;0;0;"MICROSOFT 365 E3";180
"2023-07-29";"3498@anonimo.com";;"False";;"2023-07-28";519;218587;9628;0;2;"MICROSOFT 365 E3+MICROSOFT POWER AUTOMATE FREE";180
"2023-07-29";"4686@anonimo.com";;"False";;"2023-06-06";948;2314;2200;145;77;;180
"2023-07-29";"5312@anonimo.com";;"False";;"2023-07-11";8;179;1;2;1;"MICROSOFT 365 E3+MICROSOFT FABRIC (FREE)+MICROSOFT POWER AUTOMATE FREE";180
"2023-07-29";"3589@anonimo.com";;"False";;"2023-07-28";665;5821;2695;90;139;"MICROSOFT 365 E3+MICROSOFT FABRIC (FREE)+MICROSOFT POWER AUTOMATE FREE";180
"2023-07-29";"5603@anonimo.com";;"False";;"2023-07-29";577;12107;4091;29;12;"MICROSOFT 365 AUDIO CONFERENCING+MICROSOFT POWER AUTOMATE FREE+OFFICE 365 E5 WITHOUT AUDIO CONFERENCING";180
"2023-07-29";"1170@anonimo.com";;"False";;"2023-07-28";182;3917;3924;7;159;"MICROSOFT FABRIC (FREE)+MICROSOFT POWER AUTOMATE FREE+MICROSOFT 365 E3+VISIO PLAN 2";180
"2023-07-29";"5309@anonimo.com";;"False";;"2023-07-28";57;473;165;17;35;"MICROSOFT 365 E5+MICROSOFT POWER AUTOMATE FREE";180
"2023-07-29";"1401@anonimo.com";;"False";;"2023-07-28";250;1324;1118;41;38;"MICROSOFT 365 E3+MICROSOFT POWER AUTOMATE FREE+POWER BI PRO";180
"2023-07-29";"5211@anonimo.com";;"False";;"2023-07-28";5557;56606;21397;0;26;"MICROSOFT 365 AUDIO CONFERENCING+OFFICE 365 E5 WITHOUT AUDIO CONFERENCING+MICROSOFT STREAM TRIAL+MICROSOFT POWER AUTOMATE FREE+ENTERPRISE MOBILITY + SECURITY E3";180
"2023-07-29";"4376@anonimo.com";;"False";;"2023-07-11";576;2304;1548;5;80;;180
"2023-07-29";"1000@anonimo.com";;"False";;"2023-07-26";38;216;117;5;11;"POWER BI PRO+MICROSOFT 365 F1";180
"2023-07-29";"1350@anonimo.com";;"False";;"2023-07-28";221;25584;938;5;110;"MICROSOFT 365 E3+MICROSOFT POWER AUTOMATE FREE+POWER BI PRO";180
"2023-07-29";"1313@anonimo.com";;"False";;"2023-07-28";620;2155;2235;98;33;"MICROSOFT 365 E5+MICROSOFT POWER AUTOMATE FREE";180
"2023-07-29";"4291@anonimo.com";;"False";;"2023-07-29";497;2368;2280;52;115;"MICROSOFT 365 E3+MICROSOFT FABRIC (FREE)+MICROSOFT POWER AUTOMATE FREE";180
"2023-07-29";"958@anonimo.com";;"False";;"2023-07-29";1094;6916;6992;117;109;"MICROSOFT 365 AUDIO CONFERENCING+OFFICE 365 E5 WITHOUT AUDIO CONFERENCING+MICROSOFT POWER AUTOMATE FREE";180
"2023-07-29";"4828@anonimo.com";;"False";;"2023-07-28";857;6519;5862;87;211;"PROJECT PLAN 5+ENTERPRISE MOBILITY + SECURITY E3+MICROSOFT 365 E5+WINDOWS 10/11 ENTERPRISE E5+MICROSOFT POWER AUTOMATE FREE";180
"2023-07-29";"5844@anonimo.com";;"False";;"2023-07-29";877;7326;8046;107;24;"MICROSOFT POWER AUTOMATE FREE+MICROSOFT 365 AUDIO CONFERENCING+WINDOWS 10/11 ENTERPRISE E5+OFFICE 365 E5 WITHOUT AUDIO CONFERENCING";180
"2023-07-29";"3180@anonimo.com";;"False";;"2023-07-26";409;6567;1348;0;115;"VISIO PLAN 2+MICROSOFT POWER AUTOMATE FREE+MICROSOFT 365 E5+DYNAMICS 365 CUSTOMER ENGAGEMENT PLAN+PROJECT PLAN 5";180
"2023-07-29";"5605@anonimo.com";;"False";;"2023-07-27";23;7198;301;1;1;"MICROSOFT POWER AUTOMATE FREE";180
"2023-07-29";"1402@anonimo.com";;"False";;"2023-07-28";339;12263;2639;30;52;"MICROSOFT 365 E3+MICROSOFT POWER AUTOMATE FREE+POWER BI PRO";180
"2023-07-29";"5510@anonimo.com";;"False";;"2023-07-28";9;4103;498;0;7;"MICROSOFT 365 F1";180
"2023-07-29";"1411@anonimo.com";;"False";;"2023-07-28";931;2594;2706;234;130;"MICROSOFT 365 E5+MICROSOFT POWER AUTOMATE FREE+PROJECT PLAN 5";180
"2023-07-29";"4692@anonimo.com";;"False";;"2023-07-26";29;410;171;2;12;"MICROSOFT POWER AUTOMATE FREE+MICROSOFT FABRIC (FREE)+MICROSOFT 365 E3";180
"2023-07-29";"4477@anonimo.com";;"False";;"2023-06-27";142;12338;6508;0;3;"MICROSOFT 365 E5+MICROSOFT POWER AUTOMATE FREE";180
"2023-07-29";"3701@anonimo.com";;"False";;"2023-07-29";973;5584;5466;63;292;"ENTERPRISE MOBILITY + SECURITY E3+MICROSOFT 365 E5+WINDOWS 10/11 ENTERPRISE E5+MICROSOFT POWER AUTOMATE FREE+POWERAPPS AND LOGIC FLOWS+MICROSOFT 365 AUDIO CONFERENCING+RIGHTS MANAGEMENT ADHOC+VISIO PLAN 2+PROJECT PLAN 5";180
"2023-07-29";"5728@anonimo.com";;"False";;"2023-07-28";318;11739;11732;2;22;"MICROSOFT 365 E3+MICROSOFT POWER AUTOMATE FREE+MICROSOFT FABRIC (FREE)+MICROSOFT 365 AUDIO CONFERENCING+OFFICE 365 E5 WITHOUT AUDIO CONFERENCING";180
"2023-07-29";"3850@anonimo.com";;"False";;"2023-07-28";7;66;56;0;1;"MICROSOFT 365 BUSINESS BASIC";180
"2023-07-29";"4588@anonimo.com";;"False";;"2023-07-28";426;1824;1852;125;59;"MICROSOFT 365 E3";180
"2023-07-29";"4803@anonimo.com";;"False";;"2023-07-05";28;155;103;0;7;"MICROSOFT 365 F1";180
"2023-07-29";"5838@anonimo.com";;"False";;"2023-07-28";891;9601;9282;1;2;"MICROSOFT 365 E3+MICROSOFT POWER AUTOMATE FREE";180
"2023-07-29";"5261@anonimo.com";;"False";;"2023-07-28";957;28676;14112;8;50;"OFFICE 365 E5 WITHOUT AUDIO CONFERENCING+MICROSOFT 365 AUDIO CONFERENCING+MICROSOFT POWER AUTOMATE FREE";180
"2023-07-29";"5689@anonimo.com";;"False";;"2023-07-28";480;27384;2567;36;31;"POWER BI PRO+MICROSOFT POWER APPS PLAN 2 TRIAL+MICROSOFT 365 E3";180
"2023-07-29";"5511@anonimo.com";;"False";;"2023-07-29";1470;10408;1495;24;194;"ENTERPRISE MOBILITY + SECURITY E3+MICROSOFT 365 AUDIO CONFERENCING+WINDOWS 10/11 ENTERPRISE E5+MICROSOFT POWER APPS PLAN 2 TRIAL+MICROSOFT FABRIC (FREE)+MICROSOFT 365 E5";180
"2023-07-29";"1018@anonimo.com";;"False";;"2023-07-28";517;124845;3219;21;10;"MICROSOFT 365 E3+POWER BI PRO";180
"2023-07-29";"4204@anonimo.com";;"False";;"2023-07-29";119;1032;1081;11;33;"OFFICE 365 E5 WITHOUT AUDIO CONFERENCING+MICROSOFT 365 AUDIO CONFERENCING+MICROSOFT POWER AUTOMATE FREE";180
"2023-07-29";"4411@anonimo.com";;"False";;"2023-07-29";204;5766;5444;8;75;"OFFICE 365 E5 WITHOUT AUDIO CONFERENCING";180
"2023-07-29";"5293@anonimo.com";;"False";;"2023-07-28";337;3340;2509;0;83;"ENTERPRISE MOBILITY + SECURITY E3+OFFICE 365 E5 WITHOUT AUDIO CONFERENCING+MICROSOFT POWER AUTOMATE FREE+MICROSOFT 365 AUDIO CONFERENCING";180
"2023-07-29";"4362@anonimo.com";;"False";;"2023-07-19";0;46;5;0;0;"MICROSOFT 365 BUSINESS BASIC";180
"2023-07-29";"979@anonimo.com";;"False";;"2023-07-28";289;3383;3281;1;136;"MICROSOFT STREAM TRIAL+MICROSOFT POWER AUTOMATE FREE+MICROSOFT 365 E3+POWER BI PRO";180
"2023-07-29";"4425@anonimo.com";;"False";;"2023-07-28";294;95918;1459;13;21;"MICROSOFT POWER AUTOMATE FREE+MICROSOFT 365 E3+POWER BI PRO";180
"2023-07-29";"4283@anonimo.com";;"False";;"2023-07-28";891;4117;3001;62;174;"MICROSOFT POWER AUTOMATE FREE+MICROSOFT POWER APPS PLAN 2 TRIAL+MICROSOFT 365 E5+WINDOWS 10/11 ENTERPRISE E5+MICROSOFT 365 AUDIO CONFERENCING+POWER VIRTUAL AGENTS VIRAL TRIAL+DYNAMICS 365 CUSTOMER INSIGHTS SELF-SERVICE TRIAL+DYNAMICS 365 CUSTOMER INSIGHTS VTRIAL+MICROSOFT FABRIC (FREE)";180
"2023-07-29";"4150@anonimo.com";;"False";;"2023-07-28";962;13432;4607;196;195;"MICROSOFT 365 AUDIO CONFERENCING+MICROSOFT POWER AUTOMATE FREE+WINDOWS 10/11 ENTERPRISE E5+OFFICE 365 E5 WITHOUT AUDIO CONFERENCING";180
"2023-07-29";"4520@anonimo.com";;"False";;"2023-07-29";3143;11506;11534;49;595;"MICROSOFT 365 E5+MICROSOFT POWER AUTOMATE FREE";180
"2023-07-29";"5138@anonimo.com";;"False";;"2023-05-22";3;23;0;0;0;"MICROSOFT FABRIC (FREE)+MICROSOFT POWER AUTOMATE FREE+MICROSOFT 365 E3";180
"2023-07-29";"4130@anonimo.com";;"False";;"2023-01-29";0;14;0;0;0;"MICROSOFT 365 E3";180
"2023-07-29";"3274@anonimo.com";;"False";;"2023-07-29";549;1718;1958;33;63;"MICROSOFT POWER AUTOMATE FREE+OFFICE 365 E5 WITHOUT AUDIO CONFERENCING+MICROSOFT 365 AUDIO CONFERENCING";180
"2023-07-29";"4645@anonimo.com";;"False";;"2023-07-29";299;26982;968;1;54;"MICROSOFT FABRIC (FREE)+MICROSOFT POWER AUTOMATE FREE+MICROSOFT 365 E3";180
"2023-07-29";"5046@anonimo.com";;"False";;"2023-07-29";927;4942;4865;99;419;"OFFICE 365 E5 WITHOUT AUDIO CONFERENCING+MICROSOFT FABRIC (FREE)+MICROSOFT POWER AUTOMATE FREE+POWER VIRTUAL AGENTS VIRAL TRIAL";180
"2023-07-29";"5402@anonimo.com";;"False";;"2023-07-28";130;2359;709;10;56;"MICROSOFT POWER AUTOMATE FREE+POWERAPPS AND LOGIC FLOWS+OFFICE 365 E5 WITHOUT AUDIO CONFERENCING+MICROSOFT POWER APPS PLAN 2 TRIAL";180
"2023-07-29";"4809@anonimo.com";;"False";;"2023-07-21";477;6442;5547;43;122;"ENTERPRISE MOBILITY + SECURITY E3+MICROSOFT POWER AUTOMATE FREE+MICROSOFT 365 E5+MICROSOFT POWER APPS PLAN 2 TRIAL+VISIO PLAN 2+RIGHTS MANAGEMENT ADHOC+MICROSOFT 365 AUDIO CONFERENCING+WINDOWS 10/11 ENTERPRISE E5+PROJECT PLAN 3";180
"2023-07-29";"3337@anonimo.com";;"False";;"2023-07-28";737;6604;3221;68;57;"MICROSOFT 365 AUDIO CONFERENCING+OFFICE 365 E5 WITHOUT AUDIO CONFERENCING+PROJECT PLAN 5+MICROSOFT POWER AUTOMATE FREE+MICROSOFT POWER APPS PLAN 2 TRIAL";180
"2023-07-29";"4025@anonimo.com";;"False";;"2023-07-28";638;4978;3104;62;270;"MICROSOFT POWER AUTOMATE FREE+WINDOWS 10/11 ENTERPRISE E5+MICROSOFT 365 E5";180
"2023-07-29";"3220@anonimo.com";;"False";;"2022-11-22";0;5;0;0;0;"MICROSOFT 365 E3";180
"2023-07-29";"3189@anonimo.com";;"False";;"2023-07-29";2128;43516;11847;196;614;"MICROSOFT 365 E5+MICROSOFT 365 AUDIO CONFERENCING";180
"2023-07-29";"4613@anonimo.com";;"False";;"2023-07-28";277;1573;1703;26;110;"OFFICE 365 E5 WITHOUT AUDIO CONFERENCING+MICROSOFT POWER AUTOMATE FREE";180
"2023-07-29";"5552@anonimo.com";;"False";;"2023-04-10";11;20;5;0;0;"MICROSOFT 365 E3+MICROSOFT POWER AUTOMATE FREE";180
"2023-07-29";"1511@anonimo.com";;"False";;"2023-07-29";1098;14966;7123;25;314;"POWERAPPS AND LOGIC FLOWS+MICROSOFT POWER APPS PLAN 2 TRIAL+ENTERPRISE MOBILITY + SECURITY E3+PROJECT PLAN 5+WINDOWS 10/11 ENTERPRISE E5+MICROSOFT 365 E5+MICROSOFT 365 AUDIO CONFERENCING+MICROSOFT FABRIC (FREE)";180
"2023-07-29";"4450@anonimo.com";;"False";;"2023-07-28";650;113993;89019;60;198;"MICROSOFT 365 E5+VISIO PLAN 2";180
"2023-07-29";"5302@anonimo.com";;"False";;"2023-07-28";2461;34610;22476;64;218;"WINDOWS 10/11 ENTERPRISE E5+MICROSOFT 365 AUDIO CONFERENCING+MICROSOFT 365 E5+ENTERPRISE MOBILITY + SECURITY E3+MICROSOFT POWER AUTOMATE FREE";180
"2023-07-29";"4186@anonimo.com";;"False";;"2023-07-28";1;60;66;0;0;"MICROSOFT 365 E3+MICROSOFT POWER AUTOMATE FREE";180
"2023-07-29";"5148@anonimo.com";;"False";;"2023-07-28";948;9432;9228;81;209;"MICROSOFT POWER AUTOMATE FREE+MICROSOFT 365 E5";180
"2023-07-29";"5845@anonimo.com";;"False";;"2023-07-26";139;938;419;7;92;"MICROSOFT 365 E3+MICROSOFT POWER AUTOMATE FREE+MICROSOFT FABRIC (FREE)";180
"2023-07-29";"2764@anonimo.com";;"False";;"2023-07-28";819;1336;1490;0;0;"MICROSOFT 365 E3";180
"2023-07-29";"1025@anonimo.com";;"False";;;0;8;0;0;0;"MICROSOFT STREAM TRIAL+MICROSOFT 365 F1";180
"2023-07-29";"3330@anonimo.com";;"False";;"2023-07-28";523;26299;25383;59;138;"MICROSOFT 365 E3+MICROSOFT POWER AUTOMATE FREE";180
"2023-07-29";"5682@anonimo.com";;"False";;"2023-07-28";1468;13445;3821;1;2;"MICROSOFT 365 E5";180
"2023-07-29";"3781@anonimo.com";;"False";;"2023-07-27";27;714;161;7;5;"OFFICE 365 E5 WITHOUT AUDIO CONFERENCING+MICROSOFT POWER AUTOMATE FREE+MICROSOFT POWER APPS FOR DEVELOPER+MICROSOFT FABRIC (FREE)";180
"2023-07-29";"5431@anonimo.com";;"False";;"2023-07-28";2104;7322;7504;1;3;"MICROSOFT 365 E3+MICROSOFT POWER AUTOMATE FREE+MICROSOFT FABRIC (FREE)";180
"2023-07-29";"5580@anonimo.com";;"False";;"2023-07-29";1094;19857;2586;151;173;"MICROSOFT POWER AUTOMATE FREE+ENTERPRISE MOBILITY + SECURITY E3+MICROSOFT 365 E3+POWER BI PRO";180
"2023-07-29";"5149@anonimo.com";;"False";;"2023-07-28";287;2739;1236;0;0;"MICROSOFT 365 F1";180
"2023-07-29";"5782@anonimo.com";;"False";;"2023-07-28";101;6326;424;5;81;"MICROSOFT 365 E3+MICROSOFT POWER AUTOMATE FREE+MICROSOFT FABRIC (FREE)";180
"2023-07-29";"4490@anonimo.com";;"False";;"2023-07-28";23;53;35;0;4;"MICROSOFT POWER AUTOMATE FREE+MICROSOFT FABRIC (FREE)+MICROSOFT 365 F1";180
"2023-07-29";"2085@anonimo.com";;"False";;"2023-07-27";202;14460;4788;0;16;"ENTERPRISE MOBILITY + SECURITY E3+MICROSOFT 365 E5+WINDOWS 10/11 ENTERPRISE E5+MICROSOFT 365 AUDIO CONFERENCING+MICROSOFT POWER AUTOMATE FREE";180
"2023-07-29";"3868@anonimo.com";;"False";;"2023-07-28";20;3854;1001;0;0;"MICROSOFT 365 E3";180
"2023-07-29";"1357@anonimo.com";;"False";;"2023-06-13";3;135;0;0;0;"MICROSOFT POWER AUTOMATE FREE+MICROSOFT 365 F1";180
"2023-07-29";"1484@anonimo.com";;"False";;"2023-07-03";31;48549;183;0;0;"MICROSOFT 365 E3+MICROSOFT POWER AUTOMATE FREE";180
"2023-07-29";"3242@anonimo.com";;"False";;"2023-07-28";9;348;81;0;1;"MICROSOFT 365 F1";180
"2023-07-29";"3923@anonimo.com";;"False";;"2023-07-28";802;11881;11984;9;114;"OFFICE 365 E5 WITHOUT AUDIO CONFERENCING+MICROSOFT 365 AUDIO CONFERENCING+MICROSOFT POWER AUTOMATE FREE";180
"2023-07-29";"4099@anonimo.com";;"False";;"2023-07-28";46;150;169;0;2;"MICROSOFT 365 BUSINESS PREMIUM+MICROSOFT POWER AUTOMATE FREE";180
"2023-07-29";"4617@anonimo.com";;"False";;"2023-07-28";814;10804;12002;2;38;"MICROSOFT 365 E3+MICROSOFT POWER AUTOMATE FREE";180
"2023-07-29";"992@anonimo.com";;"False";;"2023-07-28";100;5245;888;4;3;"MICROSOFT FABRIC (FREE)+MICROSOFT POWER AUTOMATE FREE+MICROSOFT 365 E3+MICROSOFT STREAM TRIAL";180
"2023-07-29";"1037@anonimo.com";;"False";;"2023-07-28";253;49205;1260;6;21;"POWER BI PRO+MICROSOFT 365 E3+MICROSOFT POWER AUTOMATE FREE";180
"2023-07-29";"5861@anonimo.com";;"False";;"2023-07-28";178;3099;1059;27;18;"MICROSOFT POWER AUTOMATE FREE+MICROSOFT 365 E3+MICROSOFT FABRIC (FREE)";180
"2023-07-29";"4407@anonimo.com";;"False";;"2023-07-29";449;4444;3431;15;47;"MICROSOFT 365 E3+DYNAMICS 365 CUSTOMER ENGAGEMENT PLAN+MICROSOFT POWER AUTOMATE FREE";180
"2023-07-29";"4996@anonimo.com";;"False";;"2023-07-04";3;29;6;0;0;;180
"2023-07-29";"4227@anonimo.com";;"False";;"2023-07-28";34;2075;142;0;1;"MICROSOFT 365 E3+MICROSOFT POWER AUTOMATE FREE+MICROSOFT FABRIC (FREE)";180
"2023-07-29";"1029@anonimo.com";;"False";;"2023-07-28";174;29622;371;60;11;"MICROSOFT POWER AUTOMATE FREE+POWER BI PRO+MICROSOFT 365 E3";180
"2023-07-29";"808@anonimo.com";;"False";;"2023-07-29";1651;5060;3921;31;305;"ENTERPRISE MOBILITY + SECURITY E3+WINDOWS 10/11 ENTERPRISE E5+MICROSOFT 365 AUDIO CONFERENCING+MICROSOFT 365 E3+VISIO PLAN 2+POWER BI PRO";180
"2023-07-29";"5393@anonimo.com";;"False";;"2023-07-28";4;44;42;1;3;"MICROSOFT 365 AUDIO CONFERENCING+MICROSOFT POWER AUTOMATE FREE+OFFICE 365 E5 WITHOUT AUDIO CONFERENCING";180
"2023-07-29";"1428@anonimo.com";;"False";;"2023-07-28";277;6364;1834;17;145;"MICROSOFT 365 E5+MICROSOFT POWER AUTOMATE FREE";180
"2023-07-29";"4677@anonimo.com";;"False";;"2023-07-27";1;12;10;0;1;"MICROSOFT 365 F1";180
"2023-07-29";"4309@anonimo.com";;"False";;"2023-05-30";0;2890;1;0;0;"MICROSOFT 365 E3";180
"2023-07-29";"5565@anonimo.com";;"False";;"2023-07-28";110;1178;154;4;8;"OFFICE 365 E5 WITHOUT AUDIO CONFERENCING+MICROSOFT POWER AUTOMATE FREE";180
"2023-07-29";"5473@anonimo.com";;"False";;"2023-07-29";1266;18054;9502;14;126;"MICROSOFT 365 E5+ENTERPRISE MOBILITY + SECURITY E3+WINDOWS 10/11 ENTERPRISE E5+MICROSOFT 365 AUDIO CONFERENCING+MICROSOFT POWER AUTOMATE FREE";180
"2023-07-29";"4832@anonimo.com";;"False";;"2023-07-28";179;1016;1096;3;21;"MICROSOFT POWER AUTOMATE FREE+POWER BI PRO+MICROSOFT 365 BUSINESS PREMIUM";180
"2023-07-29";"5849@anonimo.com";;"False";;"2023-07-29";451;4040;2418;3;46;"MICROSOFT 365 E3+VISIO PLAN 2";180
"2023-07-29";"1478@anonimo.com";;"False";;"2023-07-28";92;1255;469;67;10;"MICROSOFT 365 BUSINESS PREMIUM+MICROSOFT POWER AUTOMATE FREE+POWER BI PRO";180
"2023-07-29";"5882@anonimo.com";;"False";;"2023-07-28";12;1960;238;3;2;"OFFICE 365 E5 WITHOUT AUDIO CONFERENCING+MICROSOFT POWER AUTOMATE FREE";180
"2023-07-29";"5057@anonimo.com";;"False";;"2023-07-28";2668;43057;21038;0;20;"MICROSOFT POWER AUTOMATE FREE+MICROSOFT 365 E3";180
"2023-07-29";"5265@anonimo.com";;"False";;"2023-07-27";348;1079;1029;17;94;"MICROSOFT POWER AUTOMATE FREE+MICROSOFT 365 E3+MICROSOFT FABRIC (FREE)";180
"2023-07-29";"3731@anonimo.com";;"False";;"2023-07-29";925;9191;9272;97;218;"OFFICE 365 E5 WITHOUT AUDIO CONFERENCING+MICROSOFT STREAM TRIAL+MICROSOFT 365 AUDIO CONFERENCING+WINDOWS 10/11 ENTERPRISE E5+MICROSOFT FABRIC (FREE)+MICROSOFT POWER AUTOMATE FREE";180
"2023-07-29";"1147@anonimo.com";;"False";;"2023-04-11";0;1;3;0;0;"MICROSOFT 365 E3";180
"2023-07-29";"1252@anonimo.com";;"False";;"2023-07-28";84;13767;259;0;0;"MICROSOFT POWER AUTOMATE FREE+MICROSOFT 365 E5";180
"2023-07-29";"4796@anonimo.com";;"False";;"2023-07-28";195;2396;1825;9;51;"MICROSOFT POWER AUTOMATE FREE+MICROSOFT FABRIC (FREE)+MICROSOFT 365 F1";180
"2023-07-29";"3724@anonimo.com";;"False";;"2023-07-29";986;12429;5636;154;269;"DYNAMICS 365 CUSTOMER ENGAGEMENT PLAN+ENTERPRISE MOBILITY + SECURITY E3+WINDOWS 10/11 ENTERPRISE E5+MICROSOFT 365 E5+MICROSOFT FABRIC (FREE)+MICROSOFT 365 AUDIO CONFERENCING";180
"2023-07-29";"3499@anonimo.com";;"False";;"2023-03-10";5;77;12;0;2;"MICROSOFT 365 BUSINESS PREMIUM+MICROSOFT FABRIC (FREE)+MICROSOFT POWER AUTOMATE FREE";180
"2023-07-29";"4443@anonimo.com";;"False";;"2023-07-28";1342;14915;6732;128;358;"ENTERPRISE MOBILITY + SECURITY E3+MICROSOFT POWER AUTOMATE FREE+WINDOWS 10/11 ENTERPRISE E5+MICROSOFT 365 E5+MICROSOFT 365 AUDIO CONFERENCING";180
"2023-07-29";"4877@anonimo.com";;"False";;"2023-07-29";1331;7679;6535;113;162;"MICROSOFT POWER AUTOMATE FREE+WINDOWS 10/11 ENTERPRISE E5+MICROSOFT 365 AUDIO CONFERENCING+OFFICE 365 E5 WITHOUT AUDIO CONFERENCING";180
"2023-07-29";"3216@anonimo.com";;"False";;"2023-07-28";172;561;456;3;153;"MICROSOFT 365 E3+MICROSOFT POWER AUTOMATE FREE+MICROSOFT FABRIC (FREE)";180
"2023-07-29";"4039@anonimo.com";;"False";;"2023-07-28";1;54;37;0;0;"MICROSOFT POWER AUTOMATE FREE+MICROSOFT 365 F1";180
"2023-07-29";"3436@anonimo.com";;"False";;"2023-07-28";32;183;206;0;2;"MICROSOFT 365 E3+MICROSOFT POWER AUTOMATE FREE";180
"2023-07-29";"4592@anonimo.com";;"False";;"2023-07-27";55;26480;327;0;2;"MICROSOFT POWER AUTOMATE FREE+MICROSOFT 365 F1+POWER BI PRO";180
"2023-07-29";"4366@anonimo.com";;"False";;"2023-05-30";0;35;13;0;0;;180
"2023-07-29";"1419@anonimo.com";;"False";;"2023-07-28";31;838;295;5;3;"MICROSOFT 365 E3+MICROSOFT FABRIC (FREE)+MICROSOFT POWER AUTOMATE FREE";180
"2023-07-29";"4287@anonimo.com";;"False";;"2023-07-28";222;1583;1215;46;3;"MICROSOFT 365 E3";180
"2023-07-29";"4998@anonimo.com";;"False";;"2023-07-27";3;300;8;0;0;"MICROSOFT 365 E5+MICROSOFT POWER AUTOMATE FREE";180
"2023-07-29";"4430@anonimo.com";;"False";;"2023-07-28";92;10069;602;0;4;"MICROSOFT 365 E3+MICROSOFT POWER AUTOMATE FREE";180
"2023-07-29";"4591@anonimo.com";;"False";;"2023-07-28";564;6032;1729;123;184;"MICROSOFT 365 E3+MICROSOFT POWER AUTOMATE FREE+MICROSOFT FABRIC (FREE)";180
"2023-07-29";"4626@anonimo.com";;"False";;"2023-07-28";1139;12647;12198;43;168;"MICROSOFT 365 E5+MICROSOFT 365 AUDIO CONFERENCING+WINDOWS 10/11 ENTERPRISE E5+MICROSOFT POWER AUTOMATE FREE";180
"2023-07-29";"1128@anonimo.com";;"False";;;0;14;0;0;0;"MICROSOFT POWER AUTOMATE FREE+MICROSOFT 365 F1";180
"2023-07-29";"3945@anonimo.com";;"False";;"2023-07-29";103;1219;739;8;64;"MICROSOFT 365 E3+MICROSOFT POWER AUTOMATE FREE";180
"2023-07-29";"4710@anonimo.com";;"False";;"2023-07-27";81;5580;2058;0;6;"MICROSOFT 365 BUSINESS PREMIUM+MICROSOFT POWER AUTOMATE FREE";180
"2023-07-29";"794@anonimo.com";;"False";;"2023-07-28";242;4081;1491;19;97;"MICROSOFT 365 E5+VISIO PLAN 2+WINDOWS 10/11 ENTERPRISE E5+MICROSOFT POWER AUTOMATE FREE+MICROSOFT 365 AUDIO CONFERENCING";180
"2023-07-29";"4618@anonimo.com";;"False";;"2023-07-28";3550;52521;17797;0;30;"OFFICE 365 E5 WITHOUT AUDIO CONFERENCING+MICROSOFT 365 AUDIO CONFERENCING+MICROSOFT POWER AUTOMATE FREE";180
"2023-07-29";"4033@anonimo.com";;"False";;"2023-07-28";1;4220;55;0;0;"MICROSOFT 365 E3+MICROSOFT FABRIC (FREE)+MICROSOFT POWER AUTOMATE FREE";180
"2023-07-29";"3972@anonimo.com";;"False";;"2023-07-28";1542;16023;15690;177;142;"MICROSOFT 365 AUDIO CONFERENCING+ENTERPRISE MOBILITY + SECURITY E3+WINDOWS 10/11 ENTERPRISE E5+MICROSOFT 365 E3+MICROSOFT 365 BUSINESS VOICE (WITHOUT CALLING PLAN)+MICROSOFT POWER AUTOMATE FREE+POWER BI PRO";180
"2023-07-29";"4931@anonimo.com";;"False";;"2023-07-29";691;3610;2792;105;98;"MICROSOFT 365 E3+MICROSOFT POWER AUTOMATE FREE+MICROSOFT FABRIC (FREE)+POWER BI PRO";180
"2023-07-29";"4156@anonimo.com";;"False";;"2021-05-06";0;27;0;0;0;"MICROSOFT 365 E3+MICROSOFT FABRIC (FREE)";180
"2023-07-29";"5285@anonimo.com";;"False";;"2023-07-29";768;2512;2949;108;249;"MICROSOFT 365 E3+MICROSOFT FABRIC (FREE)+MICROSOFT POWER AUTOMATE FREE+POWER BI PRO";180
"2023-07-29";"4864@anonimo.com";;"False";;"2023-07-28";248;6267;1524;13;118;"MICROSOFT POWER AUTOMATE FREE+MICROSOFT 365 E3+MICROSOFT FABRIC (FREE)";180
"2023-07-29";"1410@anonimo.com";;"False";;"2023-07-28";88;15282;5542;8;5;"MICROSOFT POWER AUTOMATE FREE+MICROSOFT 365 E5";180
"2023-07-29";"5428@anonimo.com";;"False";;"2023-07-21";14;228;84;0;6;"MICROSOFT 365 F1";180
"2023-07-29";"1098@anonimo.com";;"False";;"2023-01-16";0;9;0;0;0;"MICROSOFT STREAM TRIAL+MICROSOFT POWER AUTOMATE FREE+MICROSOFT 365 F1";180
"2023-07-29";"1339@anonimo.com";;"False";;"2023-07-28";104;12534;868;24;6;"MICROSOFT 365 E3+POWER BI PRO+MICROSOFT POWER AUTOMATE FREE";180
"2023-07-29";"1254@anonimo.com";;"False";;"2023-05-04";0;112;20;0;0;"MICROSOFT POWER AUTOMATE FREE+MICROSOFT 365 E3";180
"2023-07-29";"998@anonimo.com";;"False";;"2023-04-28";2;53;0;0;0;"MICROSOFT POWER AUTOMATE FREE+MICROSOFT FABRIC (FREE)+MICROSOFT 365 BUSINESS PREMIUM";180
"2023-07-29";"1417@anonimo.com";;"False";;"2023-07-17";779;22094;1035;110;265;"MICROSOFT 365 E3+MICROSOFT POWER AUTOMATE FREE+POWER BI PRO";180
"2023-07-29";"1271@anonimo.com";;"False";;"2022-08-04";0;0;0;0;0;"MICROSOFT POWER AUTOMATE FREE+OFFICE 365 E5 WITHOUT AUDIO CONFERENCING";180
"2023-07-29";"5714@anonimo.com";;"False";;"2023-07-28";96;2563;638;2;45;"MICROSOFT POWER AUTOMATE FREE+POWER BI PRO+MICROSOFT 365 E3+MICROSOFT POWER APPS FOR DEVELOPER";180
"2023-07-29";"3215@anonimo.com";;"False";;"2023-07-10";118;2573;170;31;38;;180
"2023-07-29";"3287@anonimo.com";;"False";;"2023-07-27";73;2674;1204;5;5;"MICROSOFT 365 E3+MICROSOFT STREAM TRIAL+POWER BI PRO+MICROSOFT POWER AUTOMATE FREE";180
"2023-07-29";"4595@anonimo.com";;"False";;"2023-07-28";642;7122;1560;75;25;"MICROSOFT POWER AUTOMATE FREE+PROJECT PLAN 3+OFFICE 365 E5 WITHOUT AUDIO CONFERENCING+MICROSOFT FABRIC (FREE)";180
"2023-07-29";"4745@anonimo.com";;"False";;"2023-07-29";242;2668;3468;20;62;"MICROSOFT POWER AUTOMATE FREE+WINDOWS 10/11 ENTERPRISE E5+OFFICE 365 E5 WITHOUT AUDIO CONFERENCING+MICROSOFT 365 AUDIO CONFERENCING";180
"2023-07-29";"4743@anonimo.com";;"False";;"2023-07-29";277;3910;1470;45;50;"MICROSOFT 365 AUDIO CONFERENCING+MICROSOFT 365 E5+MICROSOFT POWER AUTOMATE FREE";180
"2023-07-29";"5699@anonimo.com";;"False";;"2023-07-28";142;5677;3525;8;77;"MICROSOFT 365 E3+MICROSOFT 365 BUSINESS VOICE (WITHOUT CALLING PLAN)";180
"2023-07-29";"3372@anonimo.com";;"False";;"2023-04-13";60;237;240;0;48;;180
"2023-07-29";"4068@anonimo.com";;"False";;"2023-07-27";178;12192;8187;0;3;"OFFICE 365 E5 WITHOUT AUDIO CONFERENCING+MICROSOFT POWER AUTOMATE FREE";180
"2023-07-29";"3866@anonimo.com";;"False";;"2023-07-28";2216;60125;26343;49;87;"MICROSOFT 365 E5+MICROSOFT 365 AUDIO CONFERENCING+WINDOWS 10/11 ENTERPRISE E5+MICROSOFT POWER AUTOMATE FREE";180
"2023-07-29";"1470@anonimo.com";;"False";;"2023-07-27";454;6889;1415;0;4;"MICROSOFT 365 E3+MICROSOFT POWER AUTOMATE FREE";180
"2023-07-29";"1510@anonimo.com";;"False";;"2023-07-29";600;4554;2233;149;146;"PROJECT PLAN 5+VISIO PLAN 2+MICROSOFT 365 E5";180
"2023-07-29";"5173@anonimo.com";;"False";;"2023-07-29";1393;24902;19283;30;225;"MICROSOFT POWER AUTOMATE FREE+MICROSOFT FABRIC (FREE)+MICROSOFT 365 E3+POWER BI PRO";180
"2023-07-29";"1291@anonimo.com";;"False";;"2023-07-28";4;80;38;4;0;"MICROSOFT POWER AUTOMATE FREE+MICROSOFT 365 E3";180
"2023-07-29";"3585@anonimo.com";;"False";;"2023-07-28";69;16759;1;0;0;"MICROSOFT POWER AUTOMATE FREE+MICROSOFT FABRIC (FREE)+MICROSOFT 365 F1";180
"2023-07-29";"1472@anonimo.com";;"False";;"2023-07-28";13;19;16;0;1;"MICROSOFT 365 BUSINESS BASIC+MICROSOFT POWER AUTOMATE FREE";180
"2023-07-29";"5160@anonimo.com";;"False";;"2023-07-28";810;6721;2435;58;74;"MICROSOFT POWER AUTOMATE FREE+MICROSOFT 365 AUDIO CONFERENCING+MICROSOFT 365 E5+PROJECT PLAN 5+ENTERPRISE MOBILITY + SECURITY E3";180
"2023-07-29";"4527@anonimo.com";;"False";;"2023-07-29";618;11063;4199;41;91;"DYNAMICS 365 CUSTOMER VOICE USL+MICROSOFT 365 AUDIO CONFERENCING+WINDOWS 10/11 ENTERPRISE E5+VISIO PLAN 2+ENTERPRISE MOBILITY + SECURITY E3+MICROSOFT 365 E5";180
"2023-07-29";"1420@anonimo.com";;"False";;"2023-07-26";24;80246;121;0;0;"MICROSOFT POWER AUTOMATE FREE";180
"2023-07-29";"3737@anonimo.com";;"False";;"2023-07-28";132;8073;2293;5;32;"MICROSOFT 365 E5+MICROSOFT POWER AUTOMATE FREE";180
"2023-07-29";"3549@anonimo.com";;"False";;"2023-07-28";287;9383;8882;0;2;"MICROSOFT POWER AUTOMATE FREE+MICROSOFT 365 E3";180
"2023-07-29";"4999@anonimo.com";;"False";;"2023-07-07";1;2599;24;0;0;"MICROSOFT STREAM TRIAL+MICROSOFT POWER AUTOMATE FREE+MICROSOFT 365 F1";180
"2023-07-29";"5122@anonimo.com";;"False";;"2023-07-28";164;6733;2313;0;0;"MICROSOFT 365 E3+MICROSOFT POWER AUTOMATE FREE";180
"2023-07-29";"4749@anonimo.com";;"False";;"2023-07-27";114;2074;461;12;11;"MICROSOFT 365 E3+MICROSOFT FABRIC (FREE)";180
"2023-07-29";"5577@anonimo.com";;"False";;"2023-07-28";0;3906;3945;0;0;"MICROSOFT 365 E3";180
"2023-07-29";"4699@anonimo.com";;"False";;"2023-07-28";626;2646;2938;4;4;"MICROSOFT 365 E5+MICROSOFT POWER AUTOMATE FREE";180
"2023-07-29";"4045@anonimo.com";;"False";;"2023-07-28";780;5572;4537;75;56;"MICROSOFT 365 AUDIO CONFERENCING+OFFICE 365 E5 WITHOUT AUDIO CONFERENCING+MICROSOFT FABRIC (FREE)+MICROSOFT POWER AUTOMATE FREE";180
"2023-07-29";"3550@anonimo.com";;"False";;"2023-07-21";2;427;7;1;2;"MICROSOFT FABRIC (FREE)+MICROSOFT 365 E3";180
"2023-07-29";"1238@anonimo.com";;"False";;"2023-06-28";3;4038;4029;0;1;"MICROSOFT 365 E3";180
"2023-07-29";"4351@anonimo.com";;"False";;"2023-07-28";237;2126;1390;0;29;"MICROSOFT POWER AUTOMATE FREE+POWER BI PRO+MICROSOFT 365 F1";180
"2023-07-29";"5430@anonimo.com";;"False";;"2023-07-29";391;6466;6622;29;36;"OFFICE 365 E5 WITHOUT AUDIO CONFERENCING+MICROSOFT 365 AUDIO CONFERENCING+MICROSOFT STREAM TRIAL+MICROSOFT POWER AUTOMATE FREE";180
"2023-07-29";"1263@anonimo.com";;"False";;"2023-07-28";272;2595;1207;10;79;"MICROSOFT FABRIC (FREE)+MICROSOFT 365 E3+MICROSOFT POWER AUTOMATE FREE";180
"2023-07-29";"873@anonimo.com";;"False";;"2023-07-28";87;11751;680;4;4;"MICROSOFT 365 E3+MICROSOFT FABRIC (FREE)";180
"2023-07-29";"3798@anonimo.com";;"False";;"2023-07-25";253;4330;4335;24;185;"MICROSOFT 365 AUDIO CONFERENCING+MICROSOFT POWER AUTOMATE FREE+MICROSOFT 365 E3+POWER BI PRO";180
"2023-07-29";"4329@anonimo.com";;"False";;"2023-07-29";996;124121;124276;0;0;"MICROSOFT 365 E3+MICROSOFT FABRIC (FREE)";180
"2023-07-29";"5725@anonimo.com";;"False";;"2023-07-18";0;1313;55;0;0;"OFFICE 365 E5 WITHOUT AUDIO CONFERENCING";180
"2023-07-29";"3416@anonimo.com";;"False";;"2023-07-28";770;79231;2626;8;7;"MICROSOFT POWER AUTOMATE FREE+MICROSOFT 365 E3+MICROSOFT FABRIC (FREE)+POWER BI PRO";180
"2023-07-29";"1425@anonimo.com";;"False";;;0;0;0;0;0;"MICROSOFT POWER AUTOMATE FREE+MICROSOFT 365 BUSINESS PREMIUM";180
"2023-07-29";"4449@anonimo.com";;"False";;"2023-07-28";808;18992;16942;26;21;"MICROSOFT POWER AUTOMATE FREE+MICROSOFT 365 BUSINESS VOICE (WITHOUT CALLING PLAN)+MICROSOFT 365 E3+POWER BI PRO";180
"2023-07-29";"3462@anonimo.com";;"False";;"2023-07-28";912;4710;2597;151;182;"MICROSOFT 365 E3+MICROSOFT POWER AUTOMATE FREE+MICROSOFT FABRIC (FREE)";180
"2023-07-29";"3820@anonimo.com";;"False";;"2023-07-27";217;2440;938;26;51;"MICROSOFT 365 AUDIO CONFERENCING+MICROSOFT STREAM TRIAL+MICROSOFT POWER AUTOMATE FREE+OFFICE 365 E5 WITHOUT AUDIO CONFERENCING";180
"2023-07-29";"4714@anonimo.com";;"False";;"2023-02-03";7;365;31;0;1;;180
"2023-07-29";"5116@anonimo.com";;"False";;"2023-07-21";1776;15320;15711;0;8;"MICROSOFT 365 E5+MICROSOFT POWER AUTOMATE FREE";180
"2023-07-29";"4108@anonimo.com";;"False";;"2023-05-25";10;922;23;0;0;"MICROSOFT POWER AUTOMATE FREE+MICROSOFT 365 F1";180
"2023-07-29";"3516@anonimo.com";;"False";;"2023-07-27";29;5178;1612;11;4;"OFFICE 365 E5 WITHOUT AUDIO CONFERENCING+WINDOWS 10/11 ENTERPRISE E5+MICROSOFT 365 AUDIO CONFERENCING+MICROSOFT POWER AUTOMATE FREE+ENTERPRISE MOBILITY + SECURITY E3+PROJECT PLAN 5";180
"2023-07-29";"3947@anonimo.com";;"False";;"2023-07-29";1176;9913;6222;300;162;"MICROSOFT 365 AUDIO CONFERENCING+MICROSOFT POWER AUTOMATE FREE+MICROSOFT 365 E5+PROJECT PLAN 5+WINDOWS 10/11 ENTERPRISE E5";180
"2023-07-29";"5426@anonimo.com";;"False";;;0;26;0;0;0;"MICROSOFT 365 F1";180
"2023-07-29";"1421@anonimo.com";;"False";;"2023-07-28";1225;116160;9633;0;3;"MICROSOFT POWER AUTOMATE FREE+MICROSOFT FABRIC (FREE)+MICROSOFT 365 BUSINESS PREMIUM";180
"2023-07-29";"1362@anonimo.com";;"False";;"2023-07-24";0;130;3;0;0;"MICROSOFT POWER AUTOMATE FREE+MICROSOFT 365 F1";180
"2023-07-29";"4565@anonimo.com";;"False";;;0;68;0;0;0;"MICROSOFT 365 F1";180
"2023-07-29";"3780@anonimo.com";;"False";;"2023-07-28";649;121229;14492;0;1;"MICROSOFT 365 E3+MICROSOFT POWER AUTOMATE FREE";180
"2023-07-29";"1245@anonimo.com";;"False";;"2023-07-28";674;2545;2027;831;217;"MICROSOFT 365 E3+MICROSOFT POWER AUTOMATE FREE";180
"2023-07-29";"5242@anonimo.com";;"False";;"2023-07-28";181;4383;505;0;29;"MICROSOFT 365 BUSINESS VOICE (WITHOUT CALLING PLAN)+MICROSOFT 365 E5+VISIO PLAN 2+ENTERPRISE MOBILITY + SECURITY E3+WINDOWS 10/11 ENTERPRISE E5+MICROSOFT POWER AUTOMATE FREE";180
"2023-07-29";"1344@anonimo.com";;"False";;"2023-07-28";145;4593;1983;15;66;"MICROSOFT 365 E3+MICROSOFT FABRIC (FREE)+MICROSOFT POWER AUTOMATE FREE+POWER BI PRO";180
"2023-07-29";"4262@anonimo.com";;"False";;"2023-07-28";85;9791;448;0;13;"ENTERPRISE MOBILITY + SECURITY E3+WINDOWS 10/11 ENTERPRISE E5+MICROSOFT 365 E5+MICROSOFT POWER AUTOMATE FREE+RIGHTS MANAGEMENT ADHOC+MICROSOFT 365 AUDIO CONFERENCING";180
"2023-07-29";"5210@anonimo.com";;"False";;"2023-07-21";1361;10961;7841;54;132;"MICROSOFT 365 AUDIO CONFERENCING+MICROSOFT POWER AUTOMATE FREE+DYNAMICS 365 CUSTOMER ENGAGEMENT PLAN+WINDOWS 10/11 ENTERPRISE E5+MICROSOFT 365 E3+MICROSOFT FABRIC (FREE)+POWER BI PRO";180
"2023-07-29";"4550@anonimo.com";;"False";;"2023-07-26";5;78;71;0;4;"MICROSOFT 365 E3";180
"2023-07-29";"913@anonimo.com";;"False";;"2023-07-29";731;118968;29702;0;0;"MICROSOFT 365 E3+MICROSOFT POWER AUTOMATE FREE";180
"2023-07-29";"1477@anonimo.com";;"False";;"2023-07-28";55;13241;811;0;10;"MICROSOFT 365 E3+MICROSOFT POWER AUTOMATE FREE";180
"2023-07-29";"3273@anonimo.com";;"False";;"2023-07-28";757;3166;2713;170;67;"MICROSOFT 365 E3+MICROSOFT POWER AUTOMATE FREE";180
"2023-07-29";"5319@anonimo.com";;"False";;"2023-07-28";9;92;89;0;2;"MICROSOFT FABRIC (FREE)+MICROSOFT 365 F1";180
"2023-07-29";"1044@anonimo.com";;"False";;"2023-07-28";160;2486;1305;23;57;"MICROSOFT POWER AUTOMATE FREE+POWER BI PRO+MICROSOFT 365 BUSINESS PREMIUM";180
"2023-07-29";"5723@anonimo.com";;"False";;"2023-07-28";102;575;354;28;10;"MICROSOFT POWER AUTOMATE FREE+MICROSOFT 365 F1";180
"2023-07-29";"5124@anonimo.com";;"False";;"2023-07-29";287;676;606;43;47;"MICROSOFT 365 E3+MICROSOFT POWER AUTOMATE FREE+MICROSOFT FABRIC (FREE)";180
"2023-07-29";"1239@anonimo.com";;"False";;"2023-07-27";8;4093;76;0;0;"MICROSOFT 365 E3";180
"2023-07-29";"3910@anonimo.com";;"False";;"2023-07-28";1439;9526;9451;0;24;"OFFICE 365 E5 WITHOUT AUDIO CONFERENCING+MICROSOFT 365 AUDIO CONFERENCING+MICROSOFT POWER AUTOMATE FREE";180
"2023-07-29";"3414@anonimo.com";;"False";;"2023-07-28";1399;67882;13019;27;205;"MICROSOFT 365 E5+PROJECT PLAN 5+MICROSOFT 365 AUDIO CONFERENCING+VISIO PLAN 2+WINDOWS 10/11 ENTERPRISE E5";180
"2023-07-29";"4266@anonimo.com";;"False";;"2023-07-25";103;24991;173;0;0;"MICROSOFT POWER AUTOMATE FREE+OFFICE 365 E5 WITHOUT AUDIO CONFERENCING";180
"2023-07-29";"4904@anonimo.com";;"False";;"2023-07-28";232;2035;1089;4;20;"MICROSOFT POWER AUTOMATE FREE+MICROSOFT FABRIC (FREE)+MICROSOFT 365 BUSINESS PREMIUM";180
"2023-07-29";"3381@anonimo.com";;"False";;"2023-07-28";9;35;35;0;9;"MICROSOFT 365 E3+MICROSOFT POWER AUTOMATE FREE";180
"2023-07-29";"4544@anonimo.com";;"False";;"2023-07-28";102;853907;20917;1;37;"MICROSOFT POWER AUTOMATE FREE+MICROSOFT 365 BUSINESS VOICE (WITHOUT CALLING PLAN)+MICROSOFT 365 E5";180
"2023-07-29";"4913@anonimo.com";;"False";;"2023-07-29";891;8461;3072;0;167;"MICROSOFT POWER AUTOMATE FREE+MICROSOFT 365 AUDIO CONFERENCING+OFFICE 365 E5 WITHOUT AUDIO CONFERENCING+WINDOWS 10/11 ENTERPRISE E5";180
"2023-07-29";"4091@anonimo.com";;"False";;"2023-07-28";148;9751;770;1;5;"MICROSOFT POWER AUTOMATE FREE+POWER BI PRO+MICROSOFT POWER APPS PLAN 2 TRIAL+MICROSOFT 365 F1";180
"2023-07-29";"5053@anonimo.com";;"False";;"2023-07-28";482;8170;4524;6;71;"MICROSOFT 365 AUDIO CONFERENCING+OFFICE 365 E5 WITHOUT AUDIO CONFERENCING+ENTERPRISE MOBILITY + SECURITY E3+DYNAMICS 365 CUSTOMER VOICE USL+MICROSOFT POWER AUTOMATE FREE";180
"2023-07-29";"5583@anonimo.com";;"False";;"2023-07-28";1158;5655;4956;54;54;"WINDOWS 10/11 ENTERPRISE E5+ENTERPRISE MOBILITY + SECURITY E3+MICROSOFT 365 AUDIO CONFERENCING+OFFICE 365 E5 WITHOUT AUDIO CONFERENCING+MICROSOFT POWER AUTOMATE FREE";180
"2023-07-29";"3911@anonimo.com";;"False";;"2023-07-29";1412;7954;6753;81;155;"MICROSOFT 365 E3+POWER BI PRO+MICROSOFT POWER AUTOMATE FREE";180
"2023-07-29";"4861@anonimo.com";;"False";;"2023-07-28";114;251;262;27;62;"MICROSOFT FABRIC (FREE)+MICROSOFT 365 BUSINESS PREMIUM";180
"2023-07-29";"3409@anonimo.com";;"False";;"2023-07-28";20;482;549;0;2;"MICROSOFT 365 E3+MICROSOFT POWER AUTOMATE FREE";180
"2023-07-29";"3553@anonimo.com";;"False";;"2023-07-28";473;2297;1899;0;2;"MICROSOFT 365 E3+MICROSOFT POWER AUTOMATE FREE";180
"2023-07-29";"4763@anonimo.com";;"False";;"2023-02-24";1;8;2;0;1;"MICROSOFT 365 E3+MICROSOFT POWER AUTOMATE FREE";180
"2023-07-29";"1354@anonimo.com";;"False";;"2023-06-22";5;71;72;0;0;"MICROSOFT POWER AUTOMATE FREE+MICROSOFT 365 F1";180
"2023-07-29";"3361@anonimo.com";;"False";;"2023-07-28";20;182;169;0;0;"MICROSOFT 365 BUSINESS PREMIUM+MICROSOFT POWER AUTOMATE FREE";180
"2023-07-29";"3579@anonimo.com";;"False";;"2023-07-28";254;116561;16487;0;5;"MICROSOFT FABRIC (FREE)+OFFICE 365 E5 WITHOUT AUDIO CONFERENCING+MICROSOFT POWER AUTOMATE FREE";180
"2023-07-29";"4669@anonimo.com";;"False";;"2023-07-28";164;111433;837;24;20;"MICROSOFT 365 E3+POWER BI PRO+MICROSOFT POWER AUTOMATE FREE";180
"2023-07-29";"5109@anonimo.com";;"False";;"2023-07-28";28;570;1635;0;0;"MICROSOFT 365 E3";180
"2023-07-29";"3685@anonimo.com";;"False";;"2023-07-03";15;540;42;0;0;"MICROSOFT 365 E3";180
"2023-07-29";"5131@anonimo.com";;"False";;"2023-07-29";1392;14243;3294;213;294;"RIGHTS MANAGEMENT ADHOC+MICROSOFT 365 AUDIO CONFERENCING+WINDOWS 10/11 ENTERPRISE E5+MICROSOFT POWER AUTOMATE FREE+MICROSOFT 365 E5";180
"2023-07-29";"5707@anonimo.com";;"False";;"2023-07-28";1084;8163;3740;238;270;"PROJECT PLAN 5+MICROSOFT POWER AUTOMATE FREE+MICROSOFT 365 E3+MICROSOFT FABRIC (FREE)+POWER BI PRO";180
"2023-07-29";"2768@anonimo.com";;"False";;"2023-07-28";405;1283;1289;0;0;"MICROSOFT 365 E3+MICROSOFT POWER AUTOMATE FREE";180
"2023-07-29";"3973@anonimo.com";;"False";;"2023-07-29";410;14166;3059;4;33;"MICROSOFT 365 E3+POWER BI PRO+MICROSOFT POWER AUTOMATE FREE";180
"2023-07-29";"4467@anonimo.com";;"False";;"2023-07-29";1580;8015;7585;333;315;"MICROSOFT 365 E3+POWER BI PRO+MICROSOFT FABRIC (FREE)+MICROSOFT POWER AUTOMATE FREE";180
"2023-07-29";"5390@anonimo.com";;"False";;"2023-06-26";9;131;48;0;0;"MICROSOFT 365 E5+MICROSOFT POWER AUTOMATE FREE";180
"2023-07-29";"5797@anonimo.com";;"False";;"2023-07-28";487;10053;4091;25;230;"MICROSOFT 365 E3+ENTERPRISE MOBILITY + SECURITY E3+POWER BI PRO+MICROSOFT 365 BUSINESS VOICE (WITHOUT CALLING PLAN)+VISIO PLAN 2";180
"2023-07-29";"4333@anonimo.com";;"False";;"2023-07-29";157;1812;1665;7;38;"MICROSOFT POWER AUTOMATE FREE+MICROSOFT 365 E3+PROJECT PLAN 5+POWER BI PRO";180
"2023-07-29";"5415@anonimo.com";;"False";;"2023-07-26";46;2279;471;1;17;"MICROSOFT 365 E3+VISIO PLAN 2+ENTERPRISE MOBILITY + SECURITY E3";180
"2023-07-29";"1166@anonimo.com";;"False";;"2023-07-28";50;1090;1102;0;9;"POWER BI PRO+MICROSOFT POWER AUTOMATE FREE+MICROSOFT 365 F1";180
"2023-07-29";"3734@anonimo.com";;"False";;"2023-07-26";43;424;149;4;8;"MICROSOFT POWER AUTOMATE FREE+OFFICE 365 E5 WITHOUT AUDIO CONFERENCING+MICROSOFT POWER APPS FOR DEVELOPER+POWER AUTOMATE PREMIUM+MICROSOFT 365 AUDIO CONFERENCING+MICROSOFT FABRIC (FREE)+MICROSOFT 365 E3";180
"2023-07-29";"5713@anonimo.com";;"False";;"2023-07-27";93;1755;674;9;9;"MICROSOFT 365 E3+MICROSOFT POWER AUTOMATE FREE";180
"2023-07-29";"3504@anonimo.com";;"False";;"2023-07-28";185;4603;654;51;4;"MICROSOFT FABRIC (FREE)+MICROSOFT 365 E3+MICROSOFT POWER AUTOMATE FREE";180
"2023-07-29";"1352@anonimo.com";;"False";;"2023-07-07";44;1576;1416;4;10;"MICROSOFT 365 E3+MICROSOFT POWER AUTOMATE FREE+POWER BI PRO";180
"2023-07-29";"1091@anonimo.com";;"False";;"2023-07-29";655;121821;120057;0;0;"MICROSOFT POWER AUTOMATE FREE+OFFICE 365 E5 WITHOUT AUDIO CONFERENCING";180
"2023-07-29";"1266@anonimo.com";;"False";;"2023-07-29";158;4456;4198;31;34;"MICROSOFT FABRIC (FREE)+MICROSOFT 365 E3+MICROSOFT POWER AUTOMATE FREE";180
"2023-07-29";"1182@anonimo.com";;"False";;"2023-07-28";30;21128;573;0;11;"MICROSOFT STREAM TRIAL+MICROSOFT POWER AUTOMATE FREE+MICROSOFT 365 BUSINESS BASIC";180
"2023-07-29";"3626@anonimo.com";;"False";;"2023-07-28";198;8023;1774;2;9;"ENTERPRISE MOBILITY + SECURITY E3+MICROSOFT 365 E5+MICROSOFT 365 AUDIO CONFERENCING+MICROSOFT FABRIC (FREE)";180
"2023-07-29";"4441@anonimo.com";;"False";;"2023-04-28";13;126;99;0;13;;180
"2023-07-29";"5058@anonimo.com";;"False";;"2023-07-28";277;218550;10802;0;0;"MICROSOFT 365 E3";180
"2023-07-29";"4128@anonimo.com";;"False";;"2023-07-29";1266;5515;5066;81;522;"ENTERPRISE MOBILITY + SECURITY E3+WINDOWS 10/11 ENTERPRISE E5+MICROSOFT 365 E5+MICROSOFT 365 AUDIO CONFERENCING+VISIO PLAN 2+MICROSOFT POWER AUTOMATE FREE+MICROSOFT POWER APPS FOR DEVELOPER+POWER VIRTUAL AGENTS VIRAL TRIAL+MICROSOFT POWER APPS PLAN 2 TRIAL+POWER PAGES VTRIAL FOR MAKERS+POWERAPPS AND LOGIC FLOWS+PROJECT PLAN 5";180
"2023-07-29";"5280@anonimo.com";;"False";;"2023-07-29";7;84;65;0;5;"MICROSOFT 365 E3+MICROSOFT POWER AUTOMATE FREE";180
"2023-07-29";"4893@anonimo.com";;"False";;"2023-07-28";119;1841;1522;11;15;"PROJECT PLAN 5+MICROSOFT 365 E5+MICROSOFT POWER AUTOMATE FREE+WINDOWS 10/11 ENTERPRISE E5+MICROSOFT 365 AUDIO CONFERENCING";180
"2023-07-29";"1112@anonimo.com";;"False";;"2023-07-28";104;1784;1068;0;31;"MICROSOFT POWER AUTOMATE FREE+MICROSOFT FABRIC (FREE)+MICROSOFT 365 F1+POWER BI PRO";180
"2023-07-29";"1277@anonimo.com";;"False";;"2023-07-28";1438;8956;10265;81;199;"MICROSOFT POWER AUTOMATE FREE+MICROSOFT 365 AUDIO CONFERENCING+PROJECT PLAN 5+MICROSOFT 365 E3+POWER BI PRO";180
"2023-07-29";"3568@anonimo.com";;"False";;"2023-07-28";21;479;129;4;2;"MICROSOFT 365 F1";180
"2023-07-29";"4928@anonimo.com";;"False";;"2023-07-24";8;7596;99;0;0;"MICROSOFT 365 BUSINESS PREMIUM";180
"2023-07-29";"4600@anonimo.com";;"False";;"2023-07-28";35;218644;790;1;8;"OFFICE 365 E5 WITHOUT AUDIO CONFERENCING+MICROSOFT POWER AUTOMATE FREE";180
"2023-07-29";"3275@anonimo.com";;"False";;"2023-07-28";1559;16223;4061;195;320;"MICROSOFT 365 E5+MICROSOFT POWER AUTOMATE FREE+MICROSOFT 365 AUDIO CONFERENCING";180
"2023-07-29";"5318@anonimo.com";;"False";;"2023-07-28";723;29373;21327;0;4;"MICROSOFT 365 E3+MICROSOFT POWER AUTOMATE FREE+MICROSOFT FABRIC (FREE)";180
"2023-07-29";"3505@anonimo.com";;"False";;"2023-03-23";17;145;66;3;11;;180
"2023-07-29";"3192@anonimo.com";;"False";;"2023-07-28";175;1370;1457;9;59;"OFFICE 365 E5 WITHOUT AUDIO CONFERENCING+MICROSOFT POWER AUTOMATE FREE+WINDOWS 10/11 ENTERPRISE E5";180
"2023-07-29";"1129@anonimo.com";;"False";;"2023-07-29";183;4060;4362;21;41;"MICROSOFT 365 E3+MICROSOFT FABRIC (FREE)+MICROSOFT POWER AUTOMATE FREE";180
"2023-07-29";"5582@anonimo.com";;"False";;"2023-07-29";1002;15224;3824;209;140;"MICROSOFT POWER AUTOMATE FREE+WINDOWS 10/11 ENTERPRISE E5+MICROSOFT 365 E5";180
"2023-07-29";"3766@anonimo.com";;"False";;"2023-07-28";233;1221;1226;193;119;"MICROSOFT 365 E5";180
"2023-07-29";"4887@anonimo.com";;"False";;"2023-07-29";741;4694;5860;0;132;"MICROSOFT 365 AUDIO CONFERENCING+OFFICE 365 E5 WITHOUT AUDIO CONFERENCING+ENTERPRISE MOBILITY + SECURITY E3+MICROSOFT POWER AUTOMATE FREE";180
"2023-07-29";"4468@anonimo.com";;"False";;"2023-07-29";1462;17279;9671;75;29;"MICROSOFT POWER AUTOMATE FREE+ENTERPRISE MOBILITY + SECURITY E3+MICROSOFT 365 AUDIO CONFERENCING+WINDOWS 10/11 ENTERPRISE E5+POWER BI PRO+MICROSOFT 365 E3";180
"2023-07-29";"4511@anonimo.com";;"False";;"2023-07-28";40;2251;1273;0;4;"OFFICE 365 E5 WITHOUT AUDIO CONFERENCING+MICROSOFT POWER AUTOMATE FREE+MICROSOFT STREAM TRIAL";180
"2023-07-29";"5080@anonimo.com";;"False";;"2023-07-28";163;8974;1327;17;1;"MICROSOFT 365 F1+MICROSOFT FABRIC (FREE)";180
"2023-07-29";"1155@anonimo.com";;"False";;"2023-07-28";263;3093;2284;8;3;"MICROSOFT 365 E3+MICROSOFT 365 BUSINESS VOICE (WITHOUT CALLING PLAN)+MICROSOFT POWER AUTOMATE FREE+VISIO PLAN 2";180
"2023-07-29";"5741@anonimo.com";;"False";;"2022-11-28";0;3;0;0;0;;180
"2023-07-29";"1120@anonimo.com";;"False";;"2023-07-28";46;5464;584;4;6;"MICROSOFT POWER AUTOMATE FREE+OFFICE 365 E5 WITHOUT AUDIO CONFERENCING";180
"2023-07-29";"1162@anonimo.com";;"False";;"2023-07-29";1428;11646;11442;11;32;"MICROSOFT POWER AUTOMATE FREE+MICROSOFT 365 E5";180
"2023-07-29";"3265@anonimo.com";;"False";;"2023-07-29";274;1180;1277;34;74;"MICROSOFT 365 E5+MICROSOFT POWER AUTOMATE FREE";180
"2023-07-29";"3643@anonimo.com";;"False";;"2023-07-29";2066;43465;14322;259;77;"MICROSOFT 365 E3+MICROSOFT POWER AUTOMATE FREE+POWER BI PRO+PROJECT PLAN 5";180
"2023-07-29";"3573@anonimo.com";;"False";;"2023-07-29";830;7799;7527;162;173;"MICROSOFT POWER AUTOMATE FREE+MICROSOFT FABRIC (FREE)+POWER BI PRO+MICROSOFT POWER APPS FOR DEVELOPER+MICROSOFT 365 BUSINESS PREMIUM";180
"2023-07-29";"4063@anonimo.com";;"False";;"2023-07-28";22;1301;650;0;7;"MICROSOFT 365 E3+MICROSOFT POWER AUTOMATE FREE";180
"2023-07-29";"3342@anonimo.com";;"False";;"2023-07-29";502;5066;2063;28;141;"MICROSOFT 365 AUDIO CONFERENCING+WINDOWS 10/11 ENTERPRISE E5+MICROSOFT 365 E5+DYNAMICS 365 CUSTOMER ENGAGEMENT PLAN";180
"2023-07-29";"3744@anonimo.com";;"False";;"2023-07-28";411;10859;10651;15;30;"MICROSOFT FABRIC (FREE)+MICROSOFT POWER AUTOMATE FREE+MICROSOFT 365 BUSINESS PREMIUM+POWER BI PRO";180
"2023-07-29";"3397@anonimo.com";;"False";;"2023-07-28";469;4976;1855;0;6;"OFFICE 365 E5 WITHOUT AUDIO CONFERENCING";180
"2023-07-29";"1220@anonimo.com";;"False";;"2023-05-08";2;100;0;0;0;"MICROSOFT POWER AUTOMATE FREE+MICROSOFT 365 F1";180
"2023-07-29";"3983@anonimo.com";;"False";;"2023-07-28";71;530;364;21;2;"MICROSOFT 365 E3+MICROSOFT FABRIC (FREE)+PROJECT PLAN 5";180
"2023-07-29";"872@anonimo.com";;"False";;"2023-07-29";1607;17145;18337;149;112;"POWER BI PRO+MICROSOFT 365 E3+MICROSOFT POWER AUTOMATE FREE";180
"2023-07-29";"5775@anonimo.com";;"False";;"2023-07-27";113;1570;547;7;29;"MICROSOFT POWER AUTOMATE FREE+MICROSOFT 365 BUSINESS PREMIUM+POWER BI PRO";180
"2023-07-29";"1482@anonimo.com";;"False";;"2023-07-28";689;9424;8378;2;14;"MICROSOFT POWER AUTOMATE FREE+OFFICE 365 E5 WITHOUT AUDIO CONFERENCING";180
"2023-07-29";"1100@anonimo.com";;"False";;;0;8;0;0;0;"MICROSOFT 365 F1";180
"2023-07-29";"3366@anonimo.com";;"False";;"2023-07-28";20;40929;188;0;0;"MICROSOFT FABRIC (FREE)+MICROSOFT POWER AUTOMATE FREE+MICROSOFT 365 E5";180
"2023-07-29";"4806@anonimo.com";;"False";;"2023-07-28";5;8006;329;0;0;"MICROSOFT 365 BUSINESS PREMIUM";180
"2023-07-29";"4954@anonimo.com";;"False";;"2023-07-28";292;1260;1222;153;98;"MICROSOFT POWER AUTOMATE FREE+MICROSOFT 365 E3+POWER BI PRO";180
"2023-07-29";"3560@anonimo.com";;"False";;"2023-07-28";576;10388;4091;8;22;"MICROSOFT 365 F1";180
"2023-07-29";"5233@anonimo.com";;"False";;"2023-07-28";597;6390;605;4;238;"MICROSOFT FABRIC (FREE)+MICROSOFT POWER AUTOMATE FREE+MICROSOFT 365 E3+VISIO PLAN 2";180
"2023-07-29";"3294@anonimo.com";;"False";;"2023-07-28";657;166295;3623;82;151;"MICROSOFT POWER AUTOMATE FREE+MICROSOFT 365 E3+POWER BI PRO";180
"2023-07-29";"3861@anonimo.com";;"False";;"2023-07-28";19;83;84;0;1;"MICROSOFT 365 BUSINESS PREMIUM+MICROSOFT POWER AUTOMATE FREE";180
"2023-07-29";"4077@anonimo.com";;"False";;"2023-07-28";40;132;163;0;14;"MICROSOFT 365 BUSINESS PREMIUM";180
"2023-07-29";"5123@anonimo.com";;"False";;"2023-07-29";3138;14471;6976;77;131;"MICROSOFT FABRIC (FREE)+MICROSOFT 365 E5+MICROSOFT POWER AUTOMATE FREE";180
"2023-07-29";"5303@anonimo.com";;"False";;"2023-07-29";1524;8231;5364;145;170;"MICROSOFT 365 E3+POWER BI PRO+MICROSOFT POWER AUTOMATE FREE";180
"2023-07-29";"5090@anonimo.com";;"False";;"2022-10-26";0;29;0;0;0;"MICROSOFT 365 F1";180
"2023-07-29";"3582@anonimo.com";;"False";;"2023-07-29";143;1424;860;15;69;"MICROSOFT 365 E5+MICROSOFT POWER AUTOMATE FREE";180
"2023-07-29";"1393@anonimo.com";;"False";;"2023-07-28";630;8776;3852;1;14;"MICROSOFT POWER AUTOMATE FREE+MICROSOFT 365 E5";180
"2023-07-29";"5866@anonimo.com";;"False";;"2023-07-28";4;807;528;3;0;"MICROSOFT 365 BUSINESS BASIC";180
"2023-07-29";"3725@anonimo.com";;"False";;"2023-07-29";404;20636;2250;20;127;"MICROSOFT 365 BUSINESS PREMIUM+MICROSOFT FABRIC (FREE)+POWER BI PRO";180
"2023-07-29";"3789@anonimo.com";;"False";;"2023-07-28";538;3363;2898;150;119;"MICROSOFT 365 AUDIO CONFERENCING+MICROSOFT POWER AUTOMATE FREE+WINDOWS 10/11 ENTERPRISE E5+MICROSOFT 365 E3+MICROSOFT FABRIC (FREE)+POWER BI PRO";180
"2023-07-29";"5889@anonimo.com";;"False";;"2023-07-18";9;502;123;0;0;"MICROSOFT POWER AUTOMATE FREE+MICROSOFT 365 F1";180
"2023-07-29";"3327@anonimo.com";;"False";;"2023-07-29";292;4711;4063;105;11;"POWER BI PRO+MICROSOFT 365 E3+MICROSOFT POWER AUTOMATE FREE+MICROSOFT 365 AUDIO CONFERENCING";180
"2023-07-29";"5421@anonimo.com";;"False";;"2023-07-28";747;8679;8604;199;204;"OFFICE 365 E5 WITHOUT AUDIO CONFERENCING+MICROSOFT 365 AUDIO CONFERENCING+MICROSOFT STREAM TRIAL+PROJECT PLAN 3";180
"2023-07-29";"4731@anonimo.com";;"False";;"2023-07-28";154;417;506;0;101;"MICROSOFT POWER AUTOMATE FREE+MICROSOFT FABRIC (FREE)+OFFICE 365 E5 WITHOUT AUDIO CONFERENCING";180
"2023-07-29";"3369@anonimo.com";;"False";;"2023-07-29";1025;6166;4735;92;20;"MICROSOFT 365 E3+POWER BI PRO+ENTERPRISE MOBILITY + SECURITY E3";180
"2023-07-29";"4611@anonimo.com";;"False";;"2023-07-29";2910;18995;7238;106;115;"OFFICE 365 E5 WITHOUT AUDIO CONFERENCING+MICROSOFT 365 AUDIO CONFERENCING+MICROSOFT POWER AUTOMATE FREE+MICROSOFT STREAM TRIAL+ENTERPRISE MOBILITY + SECURITY E3";180
"2023-07-29";"4525@anonimo.com";;"False";;"2023-07-29";1531;9361;9384;114;143;"MICROSOFT 365 AUDIO CONFERENCING+MICROSOFT POWER AUTOMATE FREE+OFFICE 365 E5 WITHOUT AUDIO CONFERENCING+DYNAMICS 365 CUSTOMER ENGAGEMENT PLAN";180
"2023-07-29";"4831@anonimo.com";;"False";;"2023-07-28";1327;8068;8079;3;25;"MICROSOFT POWER AUTOMATE FREE+MICROSOFT 365 E5";180
"2023-07-29";"5327@anonimo.com";;"False";;"2023-07-29";781;17159;15676;7;27;"MICROSOFT 365 E3+MICROSOFT FABRIC (FREE)";180
"2023-07-29";"1370@anonimo.com";;"False";;"2023-05-16";1;38;0;0;0;"MICROSOFT POWER AUTOMATE FREE+MICROSOFT 365 F1";180
"2023-07-29";"1337@anonimo.com";;"False";;"2023-07-28";443;12071;5367;0;5;"MICROSOFT POWER AUTOMATE FREE+MICROSOFT 365 E3+MICROSOFT 365 BUSINESS VOICE (WITHOUT CALLING PLAN)";180
"2023-07-29";"5016@anonimo.com";;"False";;"2023-07-28";998;5864;1600;121;246;"VISIO PLAN 2+WINDOWS 10/11 ENTERPRISE E5+MICROSOFT 365 E5+MICROSOFT POWER AUTOMATE FREE";180
"2023-07-29";"5145@anonimo.com";;"False";;"2023-07-28";524;3321;3683;71;109;"MICROSOFT 365 E3+MICROSOFT FABRIC (FREE)+POWER BI PRO";180
"2023-07-29";"3468@anonimo.com";;"False";;"2023-07-28";467;8495;5822;0;6;"MICROSOFT POWER AUTOMATE FREE+MICROSOFT FABRIC (FREE)+OFFICE 365 E5 WITHOUT AUDIO CONFERENCING";180
"2023-07-29";"4371@anonimo.com";;"False";;"2023-07-28";132;1024;1046;1;103;"MICROSOFT 365 E3+MICROSOFT POWER AUTOMATE FREE+MICROSOFT FABRIC (FREE)+MICROSOFT POWER APPS FOR DEVELOPER+VISIO PLAN 2";180
"2023-07-29";"4734@anonimo.com";;"False";;"2023-07-28";9;67;26;1;5;"MICROSOFT 365 E3";180
"2023-07-29";"3829@anonimo.com";;"False";;"2023-07-28";172;755;710;1;97;"MICROSOFT 365 BUSINESS BASIC";180
"2023-07-29";"5815@anonimo.com";;"False";;"2023-07-28";301;9991;946;13;68;"PROJECT PLAN 5+OFFICE 365 E5 WITHOUT AUDIO CONFERENCING+MICROSOFT POWER AUTOMATE FREE+POWER VIRTUAL AGENTS VIRAL TRIAL+MICROSOFT POWER APPS FOR DEVELOPER+POWER PAGES VTRIAL FOR MAKERS";180
"2023-07-29";"4945@anonimo.com";;"False";;"2023-07-29";613;13140;4743;20;56;"MICROSOFT POWER AUTOMATE FREE+ENTERPRISE MOBILITY + SECURITY E3+MICROSOFT 365 AUDIO CONFERENCING+PROJECT PLAN 5+WINDOWS 10/11 ENTERPRISE E5+OFFICE 365 E5 WITHOUT AUDIO CONFERENCING";180
"2023-07-29";"4997@anonimo.com";;"False";;"2023-07-04";2;8;3;0;0;"MICROSOFT POWER AUTOMATE FREE+MICROSOFT TEAMS EXPLORATORY";180
"2023-07-29";"5044@anonimo.com";;"False";;"2023-07-28";25;477;234;0;0;"MICROSOFT 365 F1";180
"2023-07-29";"4074@anonimo.com";;"False";;"2023-07-29";516;5877;5446;51;82;"MICROSOFT POWER AUTOMATE FREE+ENTERPRISE MOBILITY + SECURITY E3+PROJECT PLAN 5+VISIO PLAN 2+MICROSOFT 365 AUDIO CONFERENCING+MICROSOFT 365 E5";180
"2023-07-29";"5371@anonimo.com";;"False";;"2023-07-29";1006;6785;7605;129;173;"MICROSOFT FABRIC (FREE)+MICROSOFT 365 E5+MICROSOFT POWER AUTOMATE FREE";180
"2023-07-29";"3225@anonimo.com";;"False";;"2023-07-29";352;2780;1825;28;127;"VISIO PLAN 2+OFFICE 365 E5 WITHOUT AUDIO CONFERENCING+MICROSOFT 365 AUDIO CONFERENCING+MICROSOFT POWER AUTOMATE FREE+PROJECT PLAN 5";180
"2023-07-29";"1175@anonimo.com";;"False";;"2023-07-28";664;5043;5303;79;51;"MICROSOFT POWER AUTOMATE FREE+MICROSOFT FABRIC (FREE)+DYNAMICS 365 CUSTOMER ENGAGEMENT PLAN+DYNAMICS 365 CUSTOMER VOICE USL+POWERAPPS AND LOGIC FLOWS+MICROSOFT 365 E3";180
"2023-07-29";"3340@anonimo.com";;"False";;"2023-07-28";60;999;911;0;29;"MICROSOFT FABRIC (FREE)+MICROSOFT POWER AUTOMATE FREE+MICROSOFT 365 BUSINESS PREMIUM";180
"2023-07-29";"5694@anonimo.com";;"False";;"2023-07-28";1018;11372;4179;104;110;"MICROSOFT 365 E5+PROJECT PLAN 5+MICROSOFT FABRIC (FREE)+MICROSOFT 365 AUDIO CONFERENCING";180
"2023-07-29";"1059@anonimo.com";;"False";;"2023-07-29";1175;92820;7308;0;0;"MICROSOFT 365 E3+MICROSOFT FABRIC (FREE)+MICROSOFT POWER AUTOMATE FREE";180
"2023-07-29";"4174@anonimo.com";;"False";;"2023-07-18";3;32;25;1;2;"MICROSOFT 365 F1+MICROSOFT FABRIC (FREE)";180
"2023-07-29";"4453@anonimo.com";;"False";;"2023-07-17";35;380;309;0;18;"MICROSOFT FABRIC (FREE)+MICROSOFT 365 E3+POWER VIRTUAL AGENTS VIRAL TRIAL";180
"2023-07-29";"3849@anonimo.com";;"False";;"2023-07-29";383;6279;2026;46;62;"MICROSOFT POWER AUTOMATE FREE+OFFICE 365 E5 WITHOUT AUDIO CONFERENCING";180
"2023-07-29";"3299@anonimo.com";;"False";;"2023-07-28";78;66797;1668;0;43;"ENTERPRISE MOBILITY + SECURITY E3+MICROSOFT POWER AUTOMATE FREE+MICROSOFT 365 E3";180
"2023-07-29";"4875@anonimo.com";;"False";;"2023-07-28";792;4762;3673;107;121;"MICROSOFT 365 E3+POWER BI PRO";180
"2023-07-29";"4200@anonimo.com";;"False";;"2023-07-28";583;119766;113374;24;117;"MICROSOFT FABRIC (FREE)+MICROSOFT 365 E5";180
"2023-07-29";"3238@anonimo.com";;"False";;"2023-07-28";390;6272;3;65;3;"POWER BI PRO+MICROSOFT POWER AUTOMATE FREE+MICROSOFT 365 E3";180
"2023-07-29";"3295@anonimo.com";;"False";;"2023-07-28";317;2689;2745;2;12;"MICROSOFT FABRIC (FREE)+MICROSOFT POWER AUTOMATE FREE+MICROSOFT 365 E3";180
"2023-07-29";"1234@anonimo.com";;"False";;"2023-07-28";66;730;730;0;16;"MICROSOFT FABRIC (FREE)+OFFICE 365 E5 WITHOUT AUDIO CONFERENCING";180
"2023-07-29";"5738@anonimo.com";;"False";;"2023-07-28";117;439;444;0;39;"OFFICE 365 E5 WITHOUT AUDIO CONFERENCING+MICROSOFT POWER AUTOMATE FREE";180
"2023-07-29";"4153@anonimo.com";;"False";;"2023-07-28";332;3042;3028;2;1;"MICROSOFT 365 E3+MICROSOFT POWER AUTOMATE FREE";180
"2023-07-29";"4777@anonimo.com";;"False";;"2023-07-29";206;64315;1224;0;5;"MICROSOFT POWER AUTOMATE FREE+MICROSOFT FABRIC (FREE)+MICROSOFT 365 F1+POWER BI PRO";180
"2023-07-29";"1019@anonimo.com";;"False";;"2023-06-06";1;37;17;0;0;"MICROSOFT POWER AUTOMATE FREE+MICROSOFT STREAM TRIAL+MICROSOFT 365 F1";180
"2023-07-29";"4054@anonimo.com";;"False";;"2023-07-28";83;537;165;0;1;"MICROSOFT POWER AUTOMATE FREE+MICROSOFT FABRIC (FREE)+MICROSOFT 365 F1";180
"2023-07-29";"3787@anonimo.com";;"False";;"2023-07-24";112;2354;698;1;11;"MICROSOFT 365 E5+ENTERPRISE MOBILITY + SECURITY E3+MICROSOFT 365 AUDIO CONFERENCING+VISIO PLAN 2+WINDOWS 10/11 ENTERPRISE E5+MICROSOFT POWER AUTOMATE FREE";180
"2023-07-29";"4750@anonimo.com";;"False";;"2023-07-28";1363;14014;3514;609;265;"MICROSOFT POWER AUTOMATE FREE+MICROSOFT 365 E5+PROJECT PLAN 5+MICROSOFT 365 AUDIO CONFERENCING+WINDOWS 10/11 ENTERPRISE E5";180
"2023-07-29";"901@anonimo.com";;"False";;"2023-07-27";6;47273;158;0;0;"MICROSOFT FABRIC (FREE)";180
"2023-07-29";"3570@anonimo.com";;"False";;"2023-02-01";0;8;7;0;0;;180
"2023-07-29";"1049@anonimo.com";;"False";;"2023-05-17";1;9;0;0;0;"MICROSOFT POWER AUTOMATE FREE+MICROSOFT 365 F1";180
"2023-07-29";"3256@anonimo.com";;"False";;"2023-07-28";66;823;586;2;37;"MICROSOFT POWER AUTOMATE FREE+POWER BI PRO+MICROSOFT 365 F1";180
"2023-07-29";"4065@anonimo.com";;"False";;"2023-07-29";944;3780;3531;314;179;"DYNAMICS 365 CUSTOMER ENGAGEMENT PLAN+OFFICE 365 E5 WITHOUT AUDIO CONFERENCING+MICROSOFT 365 AUDIO CONFERENCING+MICROSOFT POWER AUTOMATE FREE+MICROSOFT STREAM TRIAL";180
"2023-07-29";"1046@anonimo.com";;"False";;"2023-07-28";36;42948;1037;0;1;"MICROSOFT POWER AUTOMATE FREE+MICROSOFT 365 BUSINESS BASIC";180
"2023-07-29";"5168@anonimo.com";;"False";;"2023-07-28";39;807;666;15;14;"MICROSOFT 365 E3+MICROSOFT POWER AUTOMATE FREE+MICROSOFT FABRIC (FREE)";180
"2023-07-29";"1273@anonimo.com";;"False";;"2023-07-14";874;9213;4348;0;1;"MICROSOFT 365 E3+MICROSOFT POWER AUTOMATE FREE";180
"2023-07-29";"1473@anonimo.com";;"False";;"2023-07-28";567;3851;5411;54;167;"MICROSOFT 365 E3+MICROSOFT POWER AUTOMATE FREE+MICROSOFT FABRIC (FREE)";180
"2023-07-29";"4638@anonimo.com";;"False";;"2023-07-29";680;38084;8405;0;34;"ENTERPRISE MOBILITY + SECURITY E3+WINDOWS 10/11 ENTERPRISE E5+MICROSOFT POWER APPS PLAN 2 TRIAL+MICROSOFT 365 AUDIO CONFERENCING+MICROSOFT 365 E5";180
"2023-07-29";"4116@anonimo.com";;"False";;"2023-07-29";892;11545;4382;165;95;"POWERAPPS AND LOGIC FLOWS+MICROSOFT POWER APPS PLAN 2 TRIAL+MICROSOFT 365 E5+DYNAMICS 365 CUSTOMER ENGAGEMENT PLAN+MICROSOFT 365 AUDIO CONFERENCING+DYNAMICS 365 CUSTOMER VOICE USL+WINDOWS 10/11 ENTERPRISE E5";180
"2023-07-29";"1469@anonimo.com";;"False";;"2023-07-28";91;5308;4886;0;0;"MICROSOFT 365 E3+MICROSOFT POWER AUTOMATE FREE";180
"2023-07-29";"4946@anonimo.com";;"False";;"2023-07-29";3975;4384;3731;19;58;"POWERAPPS AND LOGIC FLOWS+POWER BI PRO+MICROSOFT 365 E3+DYNAMICS 365 CUSTOMER ENGAGEMENT PLAN+MICROSOFT POWER AUTOMATE FREE+DYNAMICS 365 CUSTOMER VOICE USL";180
"2023-07-29";"3914@anonimo.com";;"False";;"2023-07-28";421;2400;1210;44;133;"MICROSOFT POWER AUTOMATE FREE+WINDOWS 10/11 ENTERPRISE E5+MICROSOFT 365 E5+MICROSOFT STREAM TRIAL";180
"2023-07-29";"5821@anonimo.com";;"False";;"2023-07-29";619;6210;3523;137;185;"MICROSOFT 365 E3+MICROSOFT FABRIC (FREE)+MICROSOFT POWER AUTOMATE FREE";180
"2023-07-29";"5399@anonimo.com";;"False";;"2023-07-28";621;2075;2333;68;263;"OFFICE 365 E5 WITHOUT AUDIO CONFERENCING+MICROSOFT POWER AUTOMATE FREE";180
"2023-07-29";"4210@anonimo.com";;"False";;"2023-07-29";728;2766;3992;800;277;"MICROSOFT 365 E3+MICROSOFT POWER AUTOMATE FREE";180
"2023-07-29";"1195@anonimo.com";;"False";;"2023-07-29";728;47850;5560;0;2;"MICROSOFT 365 E3";180
"2023-07-29";"587@anonimo.com";;"False";;"2023-07-29";1937;15327;12036;135;399;"MICROSOFT 365 E5+DYNAMICS 365 CUSTOMER ENGAGEMENT PLAN+MICROSOFT 365 AUDIO CONFERENCING";180
"2023-07-29";"4761@anonimo.com";;"False";;"2023-07-28";439;105692;15496;27;91;"MICROSOFT 365 E5+RIGHTS MANAGEMENT ADHOC+VISIO PLAN 2+PROJECT PLAN 5";180
"2023-07-29";"5507@anonimo.com";;"False";;"2023-07-28";292;10086;4355;9;29;"MICROSOFT 365 E3+MICROSOFT POWER AUTOMATE FREE";180
"2023-07-29";"4841@anonimo.com";;"False";;"2023-07-29";1304;9650;9720;12;4;"MICROSOFT 365 E3+MICROSOFT FABRIC (FREE)";180
"2023-07-29";"4924@anonimo.com";;"False";;"2023-07-21";1264;7735;6946;1;0;"MICROSOFT 365 AUDIO CONFERENCING+MICROSOFT 365 E5+MICROSOFT 365 BUSINESS VOICE (WITHOUT CALLING PLAN)";180
"2023-07-29";"1487@anonimo.com";;"False";;"2023-07-28";126;1143;1158;0;120;"MICROSOFT 365 E3+MICROSOFT POWER AUTOMATE FREE+MICROSOFT FABRIC (FREE)+MICROSOFT POWER APPS FOR DEVELOPER+VISIO PLAN 2+MICROSOFT 365 BUSINESS VOICE (WITHOUT CALLING PLAN)";180
"2023-07-29";"4573@anonimo.com";;"False";;"2023-07-28";318;661658;32396;30;14;"MICROSOFT 365 E5+MICROSOFT 365 BUSINESS VOICE (WITHOUT CALLING PLAN)";180
"2023-07-29";"5054@anonimo.com";;"False";;"2023-07-29";1285;2820;1900;1304;313;"MICROSOFT 365 E3+MICROSOFT POWER AUTOMATE FREE+PROJECT PLAN 5+POWER BI PRO";180
"2023-07-29";"4187@anonimo.com";;"False";;"2023-07-28";101;1105;776;2;22;"MICROSOFT 365 E3+MICROSOFT POWER AUTOMATE FREE+MICROSOFT FABRIC (FREE)";180
"2023-07-29";"5133@anonimo.com";;"False";;"2023-07-28";367;21762;1404;5;95;"WINDOWS 10/11 ENTERPRISE E5+MICROSOFT POWER AUTOMATE FREE+MICROSOFT 365 E3+POWER BI PRO";180
"2023-07-29";"4501@anonimo.com";;"False";;"2023-07-28";33;7984;344;2;3;"MICROSOFT 365 AUDIO CONFERENCING+WINDOWS 10/11 ENTERPRISE E5+MICROSOFT 365 E5";180
"2023-07-29";"5840@anonimo.com";;"False";;"2023-07-28";139;6887;6486;49;12;"MICROSOFT POWER AUTOMATE FREE+POWER BI PRO+MICROSOFT 365 BUSINESS PREMIUM";180
"2023-07-29";"3496@anonimo.com";;"False";;"2023-07-28";380;10790;5950;52;69;"MICROSOFT POWER AUTOMATE FREE+MICROSOFT FABRIC (FREE)+MICROSOFT 365 BUSINESS VOICE (WITHOUT CALLING PLAN)+MICROSOFT 365 E5";180
"2023-07-29";"1426@anonimo.com";;"False";;"2023-07-28";101;5729;428;5;43;"WINDOWS 10/11 ENTERPRISE E5+MICROSOFT POWER AUTOMATE FREE+VISIO PLAN 2+MICROSOFT 365 AUDIO CONFERENCING+MICROSOFT 365 E5+ENTERPRISE MOBILITY + SECURITY E3+PROJECT PLAN 5";180
"2023-07-29";"5315@anonimo.com";;"False";;"2023-07-28";369;8062;1479;27;98;"MICROSOFT 365 E5+ENTERPRISE MOBILITY + SECURITY E3+MICROSOFT 365 AUDIO CONFERENCING+WINDOWS 10/11 ENTERPRISE E5+MICROSOFT POWER AUTOMATE FREE";180
"2023-07-29";"4843@anonimo.com";;"False";;"2023-07-28";109;2406;779;1;7;"MICROSOFT POWER AUTOMATE FREE+MICROSOFT FABRIC (FREE)+MICROSOFT 365 E3+POWER BI PRO";180
"2023-07-29";"4417@anonimo.com";;"False";;"2023-07-28";1327;8706;8872;0;73;"MICROSOFT FABRIC (FREE)+MICROSOFT POWER AUTOMATE FREE+MICROSOFT 365 AUDIO CONFERENCING+OFFICE 365 E5 WITHOUT AUDIO CONFERENCING+WINDOWS 10/11 ENTERPRISE E5";180
"2023-07-29";"4337@anonimo.com";;"False";;"2023-07-28";38;1332;1353;0;22;"MICROSOFT FABRIC (FREE)+MICROSOFT POWER AUTOMATE FREE+MICROSOFT 365 BUSINESS PREMIUM";180
"2023-07-29";"1509@anonimo.com";;"False";;"2020-03-05";0;427;0;0;0;"MICROSOFT 365 E3";180
"2023-07-29";"1169@anonimo.com";;"False";;"2023-07-28";167;48468;33526;3;24;"WINDOWS 10/11 ENTERPRISE E5+MICROSOFT POWER AUTOMATE FREE+MICROSOFT 365 E3+MICROSOFT 365 AUDIO CONFERENCING";180
"2023-07-29";"1331@anonimo.com";;"False";;"2023-07-28";150;1708;815;57;55;"MICROSOFT 365 E3+MICROSOFT FABRIC (FREE)+MICROSOFT POWER AUTOMATE FREE";180
"2023-07-29";"3960@anonimo.com";;"False";;"2023-07-28";982;8967;8961;0;5;"MICROSOFT 365 E3+MICROSOFT POWER AUTOMATE FREE";180
"2023-07-29";"3709@anonimo.com";;"False";;"2023-07-18";599;3431;2679;108;190;"MICROSOFT POWER AUTOMATE FREE+MICROSOFT 365 AUDIO CONFERENCING+OFFICE 365 E5 WITHOUT AUDIO CONFERENCING+WINDOWS 10/11 ENTERPRISE E5";180
"2023-07-29";"787@anonimo.com";;"False";;"2023-07-28";290;2781;1272;0;13;"MICROSOFT 365 E3";180
"2023-07-29";"3631@anonimo.com";;"False";;"2023-07-29";2016;10714;3378;241;232;"ENTERPRISE MOBILITY + SECURITY E3+WINDOWS 10/11 ENTERPRISE E5+MICROSOFT 365 E5+MICROSOFT 365 AUDIO CONFERENCING";180
"2023-07-29";"1488@anonimo.com";;"False";;"2023-07-28";52;2364;2303;0;0;"MICROSOFT 365 E3";180
"2023-07-29";"3554@anonimo.com";;"False";;"2023-07-28";573;2881;2821;76;103;"MICROSOFT 365 E5+MICROSOFT POWER AUTOMATE FREE";180
"2023-07-29";"4079@anonimo.com";;"False";;"2023-07-20";3;1590;257;0;0;"MICROSOFT 365 AUDIO CONFERENCING+MICROSOFT POWER AUTOMATE FREE+WINDOWS 10/11 ENTERPRISE E5+OFFICE 365 E5 WITHOUT AUDIO CONFERENCING";180
"2023-07-29";"4140@anonimo.com";;"False";;"2023-07-28";300;108944;1511;0;22;"MICROSOFT 365 E3+MICROSOFT FABRIC (FREE)";180
"2023-07-29";"3874@anonimo.com";;"False";;"2023-04-18";7;301;95;3;3;;180
"2023-07-29";"4753@anonimo.com";;"False";;"2023-07-25";0;35;3;0;0;"MICROSOFT 365 BUSINESS BASIC";180
"2023-07-29";"3234@anonimo.com";;"False";;"2023-07-28";98;2547;1693;7;3;"MICROSOFT 365 E5+VISIO PLAN 2+WINDOWS 10/11 ENTERPRISE E5+MICROSOFT 365 AUDIO CONFERENCING";180
"2023-07-29";"1461@anonimo.com";;"False";;"2023-05-03";1;9;0;0;0;"MICROSOFT POWER AUTOMATE FREE+MICROSOFT 365 F1";180
"2023-07-29";"4925@anonimo.com";;"False";;"2023-07-28";833;10635;3156;0;1;"MICROSOFT POWER AUTOMATE FREE+MICROSOFT 365 E5";180
"2023-07-29";"3670@anonimo.com";;"False";;"2023-07-28";72;5805;452;8;16;"MICROSOFT FABRIC (FREE)+MICROSOFT POWER AUTOMATE FREE+MICROSOFT 365 F1";180
"2023-07-29";"4481@anonimo.com";;"False";;"2023-07-27";66;554;232;0;2;"POWER BI PRO+MICROSOFT 365 F1";180
"2023-07-29";"3728@anonimo.com";;"False";;"2023-07-28";483;2707;2356;66;141;"OFFICE 365 E5 WITHOUT AUDIO CONFERENCING+MICROSOFT POWER AUTOMATE FREE";180
"2023-07-29";"5311@anonimo.com";;"False";;"2023-07-28";246;4088;1097;2;31;"MICROSOFT 365 E3+MICROSOFT POWER AUTOMATE FREE+MICROSOFT FABRIC (FREE)";180
"2023-07-29";"3401@anonimo.com";;"False";;"2023-07-28";80;42554;539;14;2;"MICROSOFT 365 E3+MICROSOFT FABRIC (FREE)+MICROSOFT POWER AUTOMATE FREE+POWER BI PRO";180
"2023-07-29";"4720@anonimo.com";;"False";;"2023-07-28";86;1094;2149;2;63;"OFFICE 365 E5 WITHOUT AUDIO CONFERENCING+MICROSOFT STREAM TRIAL+MICROSOFT POWER AUTOMATE FREE";180
"2023-07-29";"3889@anonimo.com";;"False";;"2023-07-28";2279;11172;10445;541;236;"MICROSOFT 365 AUDIO CONFERENCING+MICROSOFT POWER AUTOMATE FREE+MICROSOFT 365 E5+WINDOWS 10/11 ENTERPRISE E5+PROJECT PLAN 5";180
"2023-07-29";"5137@anonimo.com";;"False";;"2023-07-28";61;584;703;10;32;"OFFICE 365 E5 WITHOUT AUDIO CONFERENCING";180
"2023-07-29";"3495@anonimo.com";;"False";;"2023-07-29";1195;6725;5230;283;163;"MICROSOFT 365 E3+POWER BI PRO+MICROSOFT POWER AUTOMATE FREE";180
"2023-07-29";"1485@anonimo.com";;"False";;"2023-07-27";198;51615;7221;0;0;"MICROSOFT 365 E3+MICROSOFT POWER AUTOMATE FREE";180
"2023-07-29";"3467@anonimo.com";;"False";;"2023-07-18";11;511;12;0;1;"MICROSOFT 365 E3+POWER BI PRO+MICROSOFT POWER APPS FOR DEVELOPER+MICROSOFT POWER AUTOMATE FREE";180
"2023-07-29";"5455@anonimo.com";;"False";;"2023-07-28";658;7674;7674;4;57;"MICROSOFT FABRIC (FREE)+MICROSOFT 365 E5+MICROSOFT POWER AUTOMATE FREE";180
"2023-07-29";"4040@anonimo.com";;"False";;"2023-07-29";32;228;218;3;5;"MICROSOFT 365 E3+MICROSOFT POWER AUTOMATE FREE+MICROSOFT FABRIC (FREE)+POWER BI PRO";180
"2023-07-29";"4078@anonimo.com";;"False";;"2023-07-28";3160;35588;35347;0;23;"MICROSOFT 365 AUDIO CONFERENCING+OFFICE 365 E5 WITHOUT AUDIO CONFERENCING+MICROSOFT POWER AUTOMATE FREE";180
"2023-07-29";"3251@anonimo.com";;"False";;"2023-07-29";2624;19245;6990;142;532;"MICROSOFT POWER AUTOMATE FREE+MICROSOFT 365 AUDIO CONFERENCING+PROJECT PLAN 5+MICROSOFT 365 E5";180
"2023-07-29";"3386@anonimo.com";;"False";;"2023-07-28";71;515;513;0;14;"MICROSOFT 365 F1+MICROSOFT FABRIC (FREE)";180
"2023-07-29";"3497@anonimo.com";;"False";;"2023-07-29";56;172;177;13;21;"MICROSOFT 365 E3+MICROSOFT POWER AUTOMATE FREE";180
"2023-07-29";"5076@anonimo.com";;"False";;"2023-07-29";1182;11574;8110;73;61;"MICROSOFT POWER AUTOMATE FREE+DYNAMICS 365 CUSTOMER ENGAGEMENT PLAN+MICROSOFT 365 E5+WINDOWS 10/11 ENTERPRISE E5+ENTERPRISE MOBILITY + SECURITY E3";180
"2023-07-29";"3841@anonimo.com";;"False";;"2023-07-29";794;9003;4115;69;265;"MICROSOFT 365 E5+WINDOWS 10/11 ENTERPRISE E5+MICROSOFT POWER AUTOMATE FREE";180
"2023-07-29";"3703@anonimo.com";;"False";;"2023-07-29";3133;26983;8929;0;40;"OFFICE 365 E5 WITHOUT AUDIO CONFERENCING+MICROSOFT 365 AUDIO CONFERENCING+MICROSOFT POWER AUTOMATE FREE+ENTERPRISE MOBILITY + SECURITY E3";180
"2023-07-29";"4278@anonimo.com";;"False";;"2023-03-16";5;27;33;0;1;;180
"2023-07-29";"5287@anonimo.com";;"False";;"2023-07-28";959;359995;9648;34;213;"ENTERPRISE MOBILITY + SECURITY E3+MICROSOFT 365 AUDIO CONFERENCING+WINDOWS 10/11 ENTERPRISE E5+PROJECT PLAN 5+MICROSOFT 365 E5";180
"2023-07-29";"4559@anonimo.com";;"False";;"2022-12-07";0;22;0;0;0;;180
"2023-07-29";"3959@anonimo.com";;"False";;"2023-07-28";1434;12462;11055;43;24;"OFFICE 365 E5 WITHOUT AUDIO CONFERENCING+MICROSOFT POWER AUTOMATE FREE";180
"2023-07-29";"5470@anonimo.com";;"False";;;0;4;0;0;0;"MICROSOFT 365 E3";180
"2023-07-29";"4446@anonimo.com";;"False";;"2023-07-29";815;10352;7513;9;16;"MICROSOFT STREAM TRIAL+MICROSOFT FABRIC (FREE)+MICROSOFT 365 E3+POWER BI PRO+MICROSOFT POWER AUTOMATE FREE";180
"2023-07-29";"5250@anonimo.com";;"False";;"2023-07-29";1402;9983;4722;156;530;"PROJECT PLAN 3+MICROSOFT 365 E5+ENTERPRISE MOBILITY + SECURITY E3+WINDOWS 10/11 ENTERPRISE E5+MICROSOFT 365 AUDIO CONFERENCING+MICROSOFT POWER AUTOMATE FREE+VISIO PLAN 2+POWER PAGES VTRIAL FOR MAKERS";180
"2023-07-29";"3563@anonimo.com";;"False";;"2023-07-28";738;6313;2637;62;105;"MICROSOFT 365 E5";180
"2023-07-29";"1332@anonimo.com";;"False";;"2023-07-26";555;7528;3278;70;119;"MICROSOFT 365 E3+MICROSOFT POWER AUTOMATE FREE+MICROSOFT FABRIC (FREE)";180
"2023-07-29";"4521@anonimo.com";;"False";;"2023-07-24";34;349;308;0;26;"MICROSOFT 365 E3+MICROSOFT POWER AUTOMATE FREE+POWER BI PRO+MICROSOFT POWER APPS FOR DEVELOPER";180
"2023-07-29";"4664@anonimo.com";;"False";;"2023-07-28";585;5022;3279;50;40;"MICROSOFT FABRIC (FREE)+MICROSOFT POWER AUTOMATE FREE+MICROSOFT 365 E3";180
"2023-07-29";"3335@anonimo.com";;"False";;"2023-07-28";957;1776;1465;537;166;"MICROSOFT POWER AUTOMATE FREE+OFFICE 365 E5 WITHOUT AUDIO CONFERENCING";180
"2023-07-29";"4070@anonimo.com";;"False";;"2023-07-28";412;16929;2741;37;85;"MICROSOFT 365 E3+MICROSOFT POWER AUTOMATE FREE+POWER BI PRO";180
"2023-07-29";"4166@anonimo.com";;"False";;"2023-07-28";964;12481;13028;5;11;"MICROSOFT 365 E3+MICROSOFT FABRIC (FREE)+MICROSOFT POWER AUTOMATE FREE";180
"2023-07-29";"3293@anonimo.com";;"False";;"2023-07-29";2109;11606;11761;68;84;"DYNAMICS 365 CUSTOMER ENGAGEMENT PLAN+MICROSOFT POWER AUTOMATE FREE+MICROSOFT 365 AUDIO CONFERENCING+WINDOWS 10/11 ENTERPRISE E5+MICROSOFT FABRIC (FREE)+MICROSOFT 365 E3+POWER BI PRO";180
"2023-07-29";"1409@anonimo.com";;"False";;"2023-07-28";193;846512;3145;6;0;"MICROSOFT POWER AUTOMATE FREE+MICROSOFT 365 E5";180
"2023-07-29";"3561@anonimo.com";;"False";;"2023-07-28";424;5210;8011;12;5;"MICROSOFT 365 BUSINESS PREMIUM";180
"2023-07-29";"3738@anonimo.com";;"False";;"2023-07-28";221;846717;336;1;184;"MICROSOFT 365 E5+WINDOWS 10/11 ENTERPRISE E5+PROJECT PLAN 5";180
"2023-07-29";"3203@anonimo.com";;"False";;"2023-07-28";113;11167;803;0;42;"MICROSOFT 365 AUDIO CONFERENCING+OFFICE 365 E5 WITHOUT AUDIO CONFERENCING+MICROSOFT POWER AUTOMATE FREE+VISIO PLAN 2";180
"2023-07-29";"1390@anonimo.com";;"False";;"2023-07-28";2;199;195;0;0;"MICROSOFT 365 E3+MICROSOFT POWER AUTOMATE FREE";180
"2023-07-29";"5000@anonimo.com";;"False";;"2023-07-28";292;2047;729;42;53;"OFFICE 365 E5 WITHOUT AUDIO CONFERENCING+PROJECT PLAN 5+MICROSOFT POWER AUTOMATE FREE";180
"2023-07-29";"3624@anonimo.com";;"False";;"2023-06-28";2;1591;7;0;0;;180
"2023-07-29";"1141@anonimo.com";;"False";;"2023-07-28";334;1796;845;783;100;"MICROSOFT 365 AUDIO CONFERENCING+OFFICE 365 E5 WITHOUT AUDIO CONFERENCING+MICROSOFT POWER AUTOMATE FREE";180
"2023-07-29";"3989@anonimo.com";;"False";;"2023-07-01";69;5086;278;0;48;"MICROSOFT 365 E3";180
"2023-07-29";"5777@anonimo.com";;"False";;"2023-07-28";1360;9557;9220;75;185;"OFFICE 365 E5 WITHOUT AUDIO CONFERENCING+MICROSOFT 365 AUDIO CONFERENCING+WINDOWS 10/11 ENTERPRISE E5";180
"2023-07-29";"4818@anonimo.com";;"False";;"2023-07-28";1260;8288;5542;100;33;"MICROSOFT 365 E5+MICROSOFT 365 AUDIO CONFERENCING";180
"2023-07-29";"850@anonimo.com";;"False";;"2023-07-21";208;4675;4774;0;60;"MICROSOFT 365 E3+POWER BI PRO";180
"2023-07-29";"4158@anonimo.com";;"False";;"2023-02-27";1;6;0;0;0;"MICROSOFT 365 E3";180
"2023-07-29";"3410@anonimo.com";;"False";;"2023-07-29";710;6740;3570;1;47;"VISIO PLAN 2+MICROSOFT 365 E5+MICROSOFT 365 AUDIO CONFERENCING+WINDOWS 10/11 ENTERPRISE E5+MICROSOFT POWER AUTOMATE FREE";180
"2023-07-29";"5780@anonimo.com";;"False";;"2023-07-29";787;14373;4533;3;44;"MICROSOFT 365 AUDIO CONFERENCING+OFFICE 365 E5 WITHOUT AUDIO CONFERENCING+MICROSOFT STREAM TRIAL+MICROSOFT POWER AUTOMATE FREE+ENTERPRISE MOBILITY + SECURITY E3";180
"2023-07-29";"854@anonimo.com";;"False";;"2023-07-29";531;13116;10963;1;41;"MICROSOFT 365 E3+POWER BI PRO";180
"2023-07-29";"1200@anonimo.com";;"False";;"2023-07-28";491;5031;1113;127;31;"MICROSOFT 365 E3+MICROSOFT POWER AUTOMATE FREE";180
"2023-07-29";"5050@anonimo.com";;"False";;"2023-07-17";2247;7533;7908;147;74;"MICROSOFT 365 AUDIO CONFERENCING+OFFICE 365 E5 WITHOUT AUDIO CONFERENCING+MICROSOFT POWER AUTOMATE FREE";180
"2023-07-29";"3292@anonimo.com";;"False";;"2023-07-29";1114;26968;21192;96;97;"MICROSOFT 365 E3+MICROSOFT 365 BUSINESS VOICE (WITHOUT CALLING PLAN)";180
"2023-07-29";"4348@anonimo.com";;"False";;"2023-07-28";1345;11387;6901;182;351;"POWER VIRTUAL AGENTS VIRAL TRIAL+DYNAMICS 365 CUSTOMER ENGAGEMENT PLAN+PROJECT PLAN 5+ENTERPRISE MOBILITY + SECURITY E3+MICROSOFT 365 E5+WINDOWS 10/11 ENTERPRISE E5+MICROSOFT POWER AUTOMATE FREE+MICROSOFT 365 AUDIO CONFERENCING+RIGHTS MANAGEMENT ADHOC";180
"2023-07-29";"3873@anonimo.com";;"False";;"2023-07-06";3;315;97;0;0;"MICROSOFT POWER AUTOMATE FREE+MICROSOFT 365 F1";180
"2023-07-29";"968@anonimo.com";;"False";;"2023-07-28";345;14163;6436;5;35;"MICROSOFT 365 E3+MICROSOFT POWER AUTOMATE FREE";180
"2023-07-29";"1206@anonimo.com";;"False";;"2023-07-28";520;2374;2079;114;95;"MICROSOFT POWER AUTOMATE FREE+MICROSOFT 365 E5+PROJECT PLAN 5";180
"2023-07-29";"4882@anonimo.com";;"False";;"2023-07-28";365;2093;2118;3;99;"OFFICE 365 E5 WITHOUT AUDIO CONFERENCING+MICROSOFT POWER AUTOMATE FREE";180
"2023-07-29";"5817@anonimo.com";;"False";;"2023-07-29";380;2871;2688;29;118;"OFFICE 365 E5 WITHOUT AUDIO CONFERENCING+MICROSOFT POWER AUTOMATE FREE+MICROSOFT 365 AUDIO CONFERENCING";180
"2023-07-29";"4835@anonimo.com";;"False";;"2023-07-28";612;2556;2457;39;279;"MICROSOFT 365 E3+MICROSOFT POWER AUTOMATE FREE+MICROSOFT FABRIC (FREE)+VISIO PLAN 2+POWER BI PRO";180
"2023-07-29";"5722@anonimo.com";;"False";;"2023-07-27";1231;15218;13231;127;109;"WINDOWS 10/11 ENTERPRISE E5+MICROSOFT 365 E5+MICROSOFT POWER AUTOMATE FREE";180
"2023-07-29";"3895@anonimo.com";;"False";;"2023-02-03";2;50;4;0;1;"MICROSOFT POWER AUTOMATE FREE+MICROSOFT 365 E3";180
"2023-07-29";"5066@anonimo.com";;"False";;"2023-07-28";1;212;211;0;0;"MICROSOFT 365 E3+MICROSOFT POWER AUTOMATE FREE";180
"2023-07-29";"4776@anonimo.com";;"False";;"2023-07-28";1733;8983;4059;86;308;"DYNAMICS 365 CUSTOMER ENGAGEMENT PLAN+MICROSOFT 365 AUDIO CONFERENCING+MICROSOFT POWER AUTOMATE FREE+ENTERPRISE MOBILITY + SECURITY E3+OFFICE 365 E5 WITHOUT AUDIO CONFERENCING";180
"2023-07-29";"1047@anonimo.com";;"False";;"2023-07-28";221;361;104;155;8;"OFFICE 365 E5 WITHOUT AUDIO CONFERENCING+MICROSOFT 365 AUDIO CONFERENCING+MICROSOFT POWER AUTOMATE FREE";180
"2023-07-29";"4640@anonimo.com";;"False";;"2023-07-26";16;37329;549;0;14;"MICROSOFT 365 E3+MICROSOFT POWER AUTOMATE FREE+MICROSOFT POWER APPS FOR DEVELOPER+POWER BI PRO";180
"2023-07-29";"4958@anonimo.com";;"False";;"2023-07-28";250;61321;468;0;0;"MICROSOFT POWER AUTOMATE FREE+MICROSOFT 365 E3";180
"2023-07-29";"4587@anonimo.com";;"False";;"2023-07-28";1124;12723;12634;10;133;"MICROSOFT 365 BUSINESS VOICE (WITHOUT CALLING PLAN)+MICROSOFT 365 E3+MICROSOFT POWER AUTOMATE FREE+MICROSOFT FABRIC (FREE)";180
"2023-07-29";"5683@anonimo.com";;"False";;"2023-07-29";670;35217;5108;0;2;"MICROSOFT 365 E3";180
"2023-07-29";"5377@anonimo.com";;"False";;"2023-07-28";210;23994;1251;5;9;"MICROSOFT POWER AUTOMATE FREE+MICROSOFT FABRIC (FREE)+MICROSOFT 365 E3";180
"2023-07-29";"5279@anonimo.com";;"False";;"2023-07-29";352;6265;6926;59;102;"MICROSOFT 365 AUDIO CONFERENCING+MICROSOFT POWER AUTOMATE FREE+MICROSOFT 365 E5";180
"2023-07-29";"5536@anonimo.com";;"False";;"2023-07-29";588;7011;3901;54;175;"MICROSOFT 365 E5+MICROSOFT POWER AUTOMATE FREE+MICROSOFT STREAM TRIAL+VISIO PLAN 2";180
"2023-07-29";"3648@anonimo.com";;"False";;"2023-07-28";361;537866;2622;24;63;"OFFICE 365 E5 WITHOUT AUDIO CONFERENCING+MICROSOFT POWER AUTOMATE FREE+MICROSOFT 365 AUDIO CONFERENCING";180
"2023-07-29";"5879@anonimo.com";;"False";;;0;0;0;0;0;"MICROSOFT 365 F1";180
"2023-07-29";"4598@anonimo.com";;"False";;"2023-07-28";114;104332;26377;2;41;"POWER BI PRO+MICROSOFT 365 E3+MICROSOFT POWER AUTOMATE FREE";180
"2023-07-29";"4616@anonimo.com";;"False";;"2023-07-28";265;4917;4441;0;1;"MICROSOFT 365 E3+MICROSOFT POWER AUTOMATE FREE+DYNAMICS 365 CUSTOMER VOICE USL+POWERAPPS AND LOGIC FLOWS+DYNAMICS 365 CUSTOMER ENGAGEMENT PLAN+MICROSOFT POWER APPS PLAN 2 TRIAL+MICROSOFT 365 BUSINESS VOICE (WITHOUT CALLING PLAN)+POWER BI PRO";180
"2023-07-29";"1403@anonimo.com";;"False";;"2023-07-28";418;6974;8253;0;1;"MICROSOFT POWER AUTOMATE FREE+MICROSOFT 365 E3";180
"2023-07-29";"4499@anonimo.com";;"False";;"2023-07-28";266;14242;1864;11;8;"VISIO PLAN 2+MICROSOFT 365 E5+MICROSOFT 365 AUDIO CONFERENCING+MICROSOFT POWER AUTOMATE FREE+WINDOWS 10/11 ENTERPRISE E5+PROJECT PLAN 5";180
"2023-07-29";"5288@anonimo.com";;"False";;"2023-07-29";907;8492;3680;122;215;"PROJECT PLAN 5+MICROSOFT POWER AUTOMATE FREE+MICROSOFT 365 AUDIO CONFERENCING+OFFICE 365 E5 WITHOUT AUDIO CONFERENCING";180
"2023-07-29";"4952@anonimo.com";;"False";;"2023-04-20";11;236;105;1;0;;180
"2023-07-29";"3750@anonimo.com";;"False";;"2023-07-28";1346;2648;2388;158;10;"OFFICE 365 E5 WITHOUT AUDIO CONFERENCING+MICROSOFT 365 AUDIO CONFERENCING+MICROSOFT POWER AUTOMATE FREE";180
"2023-07-29";"1099@anonimo.com";;"False";;"2023-07-27";138;452;399;19;5;"MICROSOFT STREAM TRIAL+MICROSOFT 365 E3+MICROSOFT POWER AUTOMATE FREE+POWER BI PRO";180
"2023-07-29";"1506@anonimo.com";;"False";;;0;110;0;0;0;"MICROSOFT 365 F1";180
"2023-07-29";"5613@anonimo.com";;"False";;"2023-07-20";3;11;6;0;1;"MICROSOFT 365 F1";180
"2023-07-29";"3439@anonimo.com";;"False";;"2023-07-29";1256;6638;5485;171;276;"MICROSOFT 365 E5+DYNAMICS 365 CUSTOMER ENGAGEMENT PLAN+MICROSOFT POWER AUTOMATE FREE";180
"2023-07-29";"3791@anonimo.com";;"False";;"2023-07-26";2;35;26;0;0;"MICROSOFT 365 BUSINESS BASIC";180
