"Report Refresh Date";"User Principal Name";"Is Deleted";"Deleted Date";"Last Activity Date";"Assigned Products";"Report Period";"Viewed Or Edited File Count";"Synced File Count";"Shared Internally File Count";"Shared Externally File Count";"Visited Page Count"
"2023-07-29";"1295@anonimo.com";"False";;"2023-07-28";"MICROSOFT 365 AUDIO CONFERENCING+OFFICE 365 E5 WITHOUT AUDIO CONFERENCING+WINDOWS 10/11 ENTERPRISE E5+MICROSOFT STREAM TRIAL+MICROSOFT POWER AUTOMATE FREE";180;325;0;2;0;25
"2023-07-29";"4825@anonimo.com";"False";;"2023-07-28";"MICROSOFT 365 E3";180;5;0;0;0;6
"2023-07-29";"3498@anonimo.com";"False";;"2023-06-22";"MICROSOFT 365 E3+MICROSOFT POWER AUTOMATE FREE";180;2;3;0;0;5
"2023-07-29";"4686@anonimo.com";"False";;"2023-06-06";;180;134;0;1;0;16
"2023-07-29";"5312@anonimo.com";"False";;"2023-07-27";"MICROSOFT 365 E3+MICROSOFT FABRIC (FREE)+MICROSOFT POWER AUTOMATE FREE";180;13;0;1;0;13
"2023-07-29";"3589@anonimo.com";"False";;"2023-07-28";"MICROSOFT 365 E3+MICROSOFT FABRIC (FREE)+MICROSOFT POWER AUTOMATE FREE";180;32;0;0;0;13
"2023-07-29";"5603@anonimo.com";"False";;"2023-07-28";"MICROSOFT 365 AUDIO CONFERENCING+MICROSOFT POWER AUTOMATE FREE+OFFICE 365 E5 WITHOUT AUDIO CONFERENCING";180;91;0;5;0;16
"2023-07-29";"1170@anonimo.com";"False";;"2023-06-13";"MICROSOFT FABRIC (FREE)+MICROSOFT POWER AUTOMATE FREE+MICROSOFT 365 E3+VISIO PLAN 2";180;7;0;0;0;2
"2023-07-29";"5309@anonimo.com";"False";;"2023-07-29";"MICROSOFT 365 E5+MICROSOFT POWER AUTOMATE FREE";180;15;0;2;0;26
"2023-07-29";"1401@anonimo.com";"False";;"2023-07-28";"MICROSOFT 365 E3+MICROSOFT POWER AUTOMATE FREE+POWER BI PRO";180;29;8;6;0;12
"2023-07-29";"5211@anonimo.com";"False";;"2023-07-28";"MICROSOFT 365 AUDIO CONFERENCING+OFFICE 365 E5 WITHOUT AUDIO CONFERENCING+MICROSOFT STREAM TRIAL+MICROSOFT POWER AUTOMATE FREE+ENTERPRISE MOBILITY + SECURITY E3";180;322;75;1;0;12
"2023-07-29";"4376@anonimo.com";"False";;"2023-07-11";;180;5;0;0;0;4
"2023-07-29";"1000@anonimo.com";"False";;"2023-07-28";"POWER BI PRO+MICROSOFT 365 F1";180;23;0;0;0;16
"2023-07-29";"1350@anonimo.com";"False";;"2023-07-19";"MICROSOFT 365 E3+MICROSOFT POWER AUTOMATE FREE+POWER BI PRO";180;25;0;0;0;19
"2023-07-29";"1313@anonimo.com";"False";;"2023-07-28";"MICROSOFT 365 E5+MICROSOFT POWER AUTOMATE FREE";180;8;0;0;0;8
"2023-07-29";"4291@anonimo.com";"False";;"2023-07-28";"MICROSOFT 365 E3+MICROSOFT FABRIC (FREE)+MICROSOFT POWER AUTOMATE FREE";180;36;0;2;0;26
"2023-07-29";"958@anonimo.com";"False";;"2023-07-05";"MICROSOFT 365 AUDIO CONFERENCING+OFFICE 365 E5 WITHOUT AUDIO CONFERENCING+MICROSOFT POWER AUTOMATE FREE";180;66;0;0;0;9
"2023-07-29";"4828@anonimo.com";"False";;"2023-07-28";"PROJECT PLAN 5+ENTERPRISE MOBILITY + SECURITY E3+MICROSOFT 365 E5+WINDOWS 10/11 ENTERPRISE E5+MICROSOFT POWER AUTOMATE FREE";180;593;1237;9;0;82
"2023-07-29";"5844@anonimo.com";"False";;"2023-07-21";"MICROSOFT POWER AUTOMATE FREE+MICROSOFT 365 AUDIO CONFERENCING+WINDOWS 10/11 ENTERPRISE E5+OFFICE 365 E5 WITHOUT AUDIO CONFERENCING";180;92;0;0;0;22
"2023-07-29";"3180@anonimo.com";"False";;"2023-07-29";"VISIO PLAN 2+MICROSOFT POWER AUTOMATE FREE+MICROSOFT 365 E5+DYNAMICS 365 CUSTOMER ENGAGEMENT PLAN+PROJECT PLAN 5";180;21;1;0;0;16
"2023-07-29";"5605@anonimo.com";"False";;"2023-06-19";"MICROSOFT POWER AUTOMATE FREE";180;8;0;0;0;8
"2023-07-29";"1402@anonimo.com";"False";;"2023-07-28";"MICROSOFT 365 E3+MICROSOFT POWER AUTOMATE FREE+POWER BI PRO";180;18;0;0;0;13
"2023-07-29";"5510@anonimo.com";"False";;;"MICROSOFT 365 F1";180;0;0;0;0;0
"2023-07-29";"1411@anonimo.com";"False";;"2023-07-28";"MICROSOFT 365 E5+MICROSOFT POWER AUTOMATE FREE+PROJECT PLAN 5";180;521;658;46;30;51
"2023-07-29";"4692@anonimo.com";"False";;"2023-07-29";"MICROSOFT POWER AUTOMATE FREE+MICROSOFT FABRIC (FREE)+MICROSOFT 365 E3";180;43;0;0;0;16
"2023-07-29";"4477@anonimo.com";"False";;"2023-06-27";"MICROSOFT 365 E5+MICROSOFT POWER AUTOMATE FREE";180;72;94;0;0;11
"2023-07-29";"3701@anonimo.com";"False";;"2023-07-26";"ENTERPRISE MOBILITY + SECURITY E3+MICROSOFT 365 E5+WINDOWS 10/11 ENTERPRISE E5+MICROSOFT POWER AUTOMATE FREE+POWERAPPS AND LOGIC FLOWS+MICROSOFT 365 AUDIO CONFERENCING+RIGHTS MANAGEMENT ADHOC+VISIO PLAN 2+PROJECT PLAN 5";180;414;1243;6;1;34
"2023-07-29";"5728@anonimo.com";"False";;"2023-07-28";"MICROSOFT 365 E3+MICROSOFT POWER AUTOMATE FREE+MICROSOFT FABRIC (FREE)+MICROSOFT 365 AUDIO CONFERENCING+OFFICE 365 E5 WITHOUT AUDIO CONFERENCING";180;106;0;0;0;22
"2023-07-29";"3850@anonimo.com";"False";;"2023-07-20";"MICROSOFT 365 BUSINESS BASIC";180;4;0;0;0;2
"2023-07-29";"4588@anonimo.com";"False";;"2023-07-28";"MICROSOFT 365 E3";180;23;0;0;0;17
"2023-07-29";"4803@anonimo.com";"False";;"2023-07-27";"MICROSOFT 365 F1";180;0;0;0;0;2
"2023-07-29";"5838@anonimo.com";"False";;"2023-07-28";"MICROSOFT 365 E3+MICROSOFT POWER AUTOMATE FREE";180;5699;0;0;0;25
"2023-07-29";"5261@anonimo.com";"False";;"2023-07-07";"OFFICE 365 E5 WITHOUT AUDIO CONFERENCING+MICROSOFT 365 AUDIO CONFERENCING+MICROSOFT POWER AUTOMATE FREE";180;51;146;0;0;17
"2023-07-29";"5689@anonimo.com";"False";;"2023-07-28";"POWER BI PRO+MICROSOFT POWER APPS PLAN 2 TRIAL+MICROSOFT 365 E3";180;40;2;3;0;21
"2023-07-29";"4701@anonimo.com";"False";;;;180;0;0;0;0;0
"2023-07-29";"5511@anonimo.com";"False";;"2023-07-26";"ENTERPRISE MOBILITY + SECURITY E3+MICROSOFT 365 AUDIO CONFERENCING+WINDOWS 10/11 ENTERPRISE E5+MICROSOFT POWER APPS PLAN 2 TRIAL+MICROSOFT FABRIC (FREE)+MICROSOFT 365 E5";180;48;0;0;0;17
"2023-07-29";"1018@anonimo.com";"False";;"2023-07-29";"MICROSOFT 365 E3+POWER BI PRO";180;264;58;13;0;50
"2023-07-29";"4204@anonimo.com";"False";;"2023-07-29";"OFFICE 365 E5 WITHOUT AUDIO CONFERENCING+MICROSOFT 365 AUDIO CONFERENCING+MICROSOFT POWER AUTOMATE FREE";180;16;73;2;0;9
"2023-07-29";"4411@anonimo.com";"False";;"2023-07-28";"OFFICE 365 E5 WITHOUT AUDIO CONFERENCING";180;118;192;11;0;19
"2023-07-29";"5293@anonimo.com";"False";;"2023-07-28";"ENTERPRISE MOBILITY + SECURITY E3+OFFICE 365 E5 WITHOUT AUDIO CONFERENCING+MICROSOFT POWER AUTOMATE FREE+MICROSOFT 365 AUDIO CONFERENCING";180;19;0;1;0;13
"2023-07-29";"4362@anonimo.com";"False";;;"MICROSOFT 365 BUSINESS BASIC";180;0;0;0;0;0
"2023-07-29";"979@anonimo.com";"False";;"2023-07-21";"MICROSOFT STREAM TRIAL+MICROSOFT POWER AUTOMATE FREE+MICROSOFT 365 E3+POWER BI PRO";180;14;0;0;0;6
"2023-07-29";"4425@anonimo.com";"False";;"2023-07-28";"MICROSOFT POWER AUTOMATE FREE+MICROSOFT 365 E3+POWER BI PRO";180;53;0;6;1;30
"2023-07-29";"4283@anonimo.com";"False";;"2023-07-28";"MICROSOFT POWER AUTOMATE FREE+MICROSOFT POWER APPS PLAN 2 TRIAL+MICROSOFT 365 E5+WINDOWS 10/11 ENTERPRISE E5+MICROSOFT 365 AUDIO CONFERENCING+POWER VIRTUAL AGENTS VIRAL TRIAL+DYNAMICS 365 CUSTOMER INSIGHTS SELF-SERVICE TRIAL+DYNAMICS 365 CUSTOMER INSIGHTS VTRIAL+MICROSOFT FABRIC (FREE)";180;26;0;1;0;23
"2023-07-29";"4150@anonimo.com";"False";;"2023-07-27";"MICROSOFT 365 AUDIO CONFERENCING+MICROSOFT POWER AUTOMATE FREE+WINDOWS 10/11 ENTERPRISE E5+OFFICE 365 E5 WITHOUT AUDIO CONFERENCING";180;33;0;0;0;25
"2023-07-29";"4520@anonimo.com";"False";;"2023-07-28";"MICROSOFT 365 E5+MICROSOFT POWER AUTOMATE FREE";180;72;0;4;0;24
"2023-07-29";"5138@anonimo.com";"False";;"2023-07-24";"MICROSOFT FABRIC (FREE)+MICROSOFT POWER AUTOMATE FREE+MICROSOFT 365 E3";180;4;0;0;0;5
"2023-07-29";"4130@anonimo.com";"False";;;"MICROSOFT 365 E3";180;0;0;0;0;0
"2023-07-29";"3274@anonimo.com";"False";;"2023-07-28";"MICROSOFT POWER AUTOMATE FREE+OFFICE 365 E5 WITHOUT AUDIO CONFERENCING+MICROSOFT 365 AUDIO CONFERENCING";180;23;1;3;0;12
"2023-07-29";"4645@anonimo.com";"False";;"2023-07-26";"MICROSOFT FABRIC (FREE)+MICROSOFT POWER AUTOMATE FREE+MICROSOFT 365 E3";180;9;0;0;0;11
"2023-07-29";"5046@anonimo.com";"False";;"2023-07-28";"OFFICE 365 E5 WITHOUT AUDIO CONFERENCING+MICROSOFT FABRIC (FREE)+MICROSOFT POWER AUTOMATE FREE+POWER VIRTUAL AGENTS VIRAL TRIAL";180;159;260;22;0;39
"2023-07-29";"5402@anonimo.com";"False";;"2023-07-28";"MICROSOFT POWER AUTOMATE FREE+POWERAPPS AND LOGIC FLOWS+OFFICE 365 E5 WITHOUT AUDIO CONFERENCING+MICROSOFT POWER APPS PLAN 2 TRIAL";180;27;0;0;0;26
"2023-07-29";"4809@anonimo.com";"False";;"2023-07-28";"ENTERPRISE MOBILITY + SECURITY E3+MICROSOFT POWER AUTOMATE FREE+MICROSOFT 365 E5+MICROSOFT POWER APPS PLAN 2 TRIAL+VISIO PLAN 2+RIGHTS MANAGEMENT ADHOC+MICROSOFT 365 AUDIO CONFERENCING+WINDOWS 10/11 ENTERPRISE E5+PROJECT PLAN 3";180;177;117;22;0;55
"2023-07-29";"3337@anonimo.com";"False";;"2023-07-27";"MICROSOFT 365 AUDIO CONFERENCING+OFFICE 365 E5 WITHOUT AUDIO CONFERENCING+PROJECT PLAN 5+MICROSOFT POWER AUTOMATE FREE+MICROSOFT POWER APPS PLAN 2 TRIAL";180;135;0;0;0;14
"2023-07-29";"4025@anonimo.com";"False";;"2023-07-28";"MICROSOFT POWER AUTOMATE FREE+WINDOWS 10/11 ENTERPRISE E5+MICROSOFT 365 E5";180;37;5;5;0;19
"2023-07-29";"3220@anonimo.com";"False";;"2022-09-21";"MICROSOFT 365 E3";180;0;0;0;0;0
"2023-07-29";"3189@anonimo.com";"False";;"2023-07-28";"MICROSOFT 365 E5+MICROSOFT 365 AUDIO CONFERENCING";180;189;218;24;0;28
"2023-07-29";"4613@anonimo.com";"False";;"2023-07-28";"OFFICE 365 E5 WITHOUT AUDIO CONFERENCING+MICROSOFT POWER AUTOMATE FREE";180;37;9;0;0;12
"2023-07-29";"5552@anonimo.com";"False";;"2022-12-19";"MICROSOFT 365 E3+MICROSOFT POWER AUTOMATE FREE";180;0;0;0;0;0
"2023-07-29";"1511@anonimo.com";"False";;"2023-07-29";"POWERAPPS AND LOGIC FLOWS+MICROSOFT POWER APPS PLAN 2 TRIAL+ENTERPRISE MOBILITY + SECURITY E3+PROJECT PLAN 5+WINDOWS 10/11 ENTERPRISE E5+MICROSOFT 365 E5+MICROSOFT 365 AUDIO CONFERENCING+MICROSOFT FABRIC (FREE)";180;280;0;8;0;57
"2023-07-29";"4450@anonimo.com";"False";;"2023-07-28";"MICROSOFT 365 E5+VISIO PLAN 2";180;29;0;2;0;12
"2023-07-29";"5302@anonimo.com";"False";;"2023-07-26";"WINDOWS 10/11 ENTERPRISE E5+MICROSOFT 365 AUDIO CONFERENCING+MICROSOFT 365 E5+ENTERPRISE MOBILITY + SECURITY E3+MICROSOFT POWER AUTOMATE FREE";180;192;0;1;0;20
"2023-07-29";"1474@anonimo.com";"False";;;"MICROSOFT TEAMS EXPLORATORY";180;0;0;0;0;0
"2023-07-29";"4186@anonimo.com";"False";;"2023-07-28";"MICROSOFT 365 E3+MICROSOFT POWER AUTOMATE FREE";180;19;0;0;0;6
"2023-07-29";"5148@anonimo.com";"False";;"2023-07-25";"MICROSOFT POWER AUTOMATE FREE+MICROSOFT 365 E5";180;12;0;0;0;10
"2023-07-29";"5845@anonimo.com";"False";;"2023-06-22";"MICROSOFT 365 E3+MICROSOFT POWER AUTOMATE FREE+MICROSOFT FABRIC (FREE)";180;8;0;0;0;5
"2023-07-29";"2764@anonimo.com";"False";;"2023-07-28";"MICROSOFT 365 E3";180;2;0;0;0;7
"2023-07-29";"1025@anonimo.com";"False";;"2023-07-11";"MICROSOFT STREAM TRIAL+MICROSOFT 365 F1";180;18;0;0;0;9
"2023-07-29";"3330@anonimo.com";"False";;"2023-07-28";"MICROSOFT 365 E3+MICROSOFT POWER AUTOMATE FREE";180;38;0;0;0;12
"2023-07-29";"5682@anonimo.com";"False";;"2023-07-28";"MICROSOFT 365 E5";180;326;1992;2;0;33
"2023-07-29";"3781@anonimo.com";"False";;"2023-07-28";"OFFICE 365 E5 WITHOUT AUDIO CONFERENCING+MICROSOFT POWER AUTOMATE FREE+MICROSOFT POWER APPS FOR DEVELOPER+MICROSOFT FABRIC (FREE)";180;49;206;3;1;9
"2023-07-29";"5431@anonimo.com";"False";;"2023-07-28";"MICROSOFT 365 E3+MICROSOFT POWER AUTOMATE FREE+MICROSOFT FABRIC (FREE)";180;151;133;1;0;26
"2023-07-29";"5580@anonimo.com";"False";;"2023-07-29";"MICROSOFT POWER AUTOMATE FREE+ENTERPRISE MOBILITY + SECURITY E3+MICROSOFT 365 E3+POWER BI PRO";180;107;0;1;0;17
"2023-07-29";"5149@anonimo.com";"False";;"2023-02-16";"MICROSOFT 365 F1";180;11;0;0;0;3
"2023-07-29";"5782@anonimo.com";"False";;"2023-07-28";"MICROSOFT 365 E3+MICROSOFT POWER AUTOMATE FREE+MICROSOFT FABRIC (FREE)";180;23;0;0;0;11
"2023-07-29";"4490@anonimo.com";"False";;"2023-07-28";"MICROSOFT POWER AUTOMATE FREE+MICROSOFT FABRIC (FREE)+MICROSOFT 365 F1";180;57;0;0;0;28
"2023-07-29";"2085@anonimo.com";"False";;"2023-07-10";"ENTERPRISE MOBILITY + SECURITY E3+MICROSOFT 365 E5+WINDOWS 10/11 ENTERPRISE E5+MICROSOFT 365 AUDIO CONFERENCING+MICROSOFT POWER AUTOMATE FREE";180;6;0;1;0;5
"2023-07-29";"3868@anonimo.com";"False";;"2023-07-05";"MICROSOFT 365 E3";180;0;0;0;0;2
"2023-07-29";"1357@anonimo.com";"False";;"2023-07-22";"MICROSOFT POWER AUTOMATE FREE+MICROSOFT 365 F1";180;13;0;0;0;7
"2023-07-29";"1484@anonimo.com";"False";;"2023-07-28";"MICROSOFT 365 E3+MICROSOFT POWER AUTOMATE FREE";180;13;0;0;0;9
"2023-07-29";"3242@anonimo.com";"False";;"2023-05-11";"MICROSOFT 365 F1";180;0;0;0;0;1
"2023-07-29";"3923@anonimo.com";"False";;"2023-07-28";"OFFICE 365 E5 WITHOUT AUDIO CONFERENCING+MICROSOFT 365 AUDIO CONFERENCING+MICROSOFT POWER AUTOMATE FREE";180;87;0;1;0;20
"2023-07-29";"4099@anonimo.com";"False";;"2023-07-29";"MICROSOFT 365 BUSINESS PREMIUM+MICROSOFT POWER AUTOMATE FREE";180;21;0;1;0;8
"2023-07-29";"4617@anonimo.com";"False";;"2023-07-28";"MICROSOFT 365 E3+MICROSOFT POWER AUTOMATE FREE";180;34;0;5;0;27
"2023-07-29";"992@anonimo.com";"False";;"2023-07-28";"MICROSOFT FABRIC (FREE)+MICROSOFT POWER AUTOMATE FREE+MICROSOFT 365 E3+MICROSOFT STREAM TRIAL";180;24;0;0;0;15
"2023-07-29";"1037@anonimo.com";"False";;"2023-07-27";"POWER BI PRO+MICROSOFT 365 E3+MICROSOFT POWER AUTOMATE FREE";180;16;1;0;0;4
"2023-07-29";"5861@anonimo.com";"False";;"2023-07-29";"MICROSOFT POWER AUTOMATE FREE+MICROSOFT 365 E3+MICROSOFT FABRIC (FREE)";180;26;0;1;0;15
"2023-07-29";"4407@anonimo.com";"False";;"2023-07-28";"MICROSOFT 365 E3+DYNAMICS 365 CUSTOMER ENGAGEMENT PLAN+MICROSOFT POWER AUTOMATE FREE";180;304;0;62;0;20
"2023-07-29";"4996@anonimo.com";"False";;"2023-07-04";;180;0;0;0;0;2
"2023-07-29";"4227@anonimo.com";"False";;"2023-07-26";"MICROSOFT 365 E3+MICROSOFT POWER AUTOMATE FREE+MICROSOFT FABRIC (FREE)";180;2;0;0;0;4
"2023-07-29";"1029@anonimo.com";"False";;"2023-07-26";"MICROSOFT POWER AUTOMATE FREE+POWER BI PRO+MICROSOFT 365 E3";180;27;1;1;0;10
"2023-07-29";"808@anonimo.com";"False";;"2023-07-25";"ENTERPRISE MOBILITY + SECURITY E3+WINDOWS 10/11 ENTERPRISE E5+MICROSOFT 365 AUDIO CONFERENCING+MICROSOFT 365 E3+VISIO PLAN 2+POWER BI PRO";180;28;0;1;0;15
"2023-07-29";"5393@anonimo.com";"False";;"2023-07-27";"MICROSOFT 365 AUDIO CONFERENCING+MICROSOFT POWER AUTOMATE FREE+OFFICE 365 E5 WITHOUT AUDIO CONFERENCING";180;4;0;1;0;4
"2023-07-29";"1428@anonimo.com";"False";;"2023-07-28";"MICROSOFT 365 E5+MICROSOFT POWER AUTOMATE FREE";180;22;494;0;0;6
"2023-07-29";"4677@anonimo.com";"False";;;"MICROSOFT 365 F1";180;0;0;0;0;0
"2023-07-29";"4309@anonimo.com";"False";;"2023-05-30";"MICROSOFT 365 E3";180;0;0;0;0;2
"2023-07-29";"5565@anonimo.com";"False";;"2023-07-27";"OFFICE 365 E5 WITHOUT AUDIO CONFERENCING+MICROSOFT POWER AUTOMATE FREE";180;42;0;4;0;29
"2023-07-29";"5473@anonimo.com";"False";;"2023-07-24";"MICROSOFT 365 E5+ENTERPRISE MOBILITY + SECURITY E3+WINDOWS 10/11 ENTERPRISE E5+MICROSOFT 365 AUDIO CONFERENCING+MICROSOFT POWER AUTOMATE FREE";180;94;36;1;0;28
"2023-07-29";"4832@anonimo.com";"False";;"2023-07-02";"MICROSOFT POWER AUTOMATE FREE+POWER BI PRO+MICROSOFT 365 BUSINESS PREMIUM";180;4;0;0;0;5
"2023-07-29";"5849@anonimo.com";"False";;"2023-07-26";"MICROSOFT 365 E3+VISIO PLAN 2";180;12;0;0;0;8
"2023-07-29";"1478@anonimo.com";"False";;"2023-07-28";"MICROSOFT 365 BUSINESS PREMIUM+MICROSOFT POWER AUTOMATE FREE+POWER BI PRO";180;68;0;7;0;22
"2023-07-29";"5882@anonimo.com";"False";;"2023-07-29";"OFFICE 365 E5 WITHOUT AUDIO CONFERENCING+MICROSOFT POWER AUTOMATE FREE";180;54;0;1;0;37
"2023-07-29";"5057@anonimo.com";"False";;"2023-07-27";"MICROSOFT POWER AUTOMATE FREE+MICROSOFT 365 E3";180;82;0;0;0;14
"2023-07-29";"5265@anonimo.com";"False";;"2023-07-27";"MICROSOFT POWER AUTOMATE FREE+MICROSOFT 365 E3+MICROSOFT FABRIC (FREE)";180;5;0;0;0;5
"2023-07-29";"3731@anonimo.com";"False";;"2023-07-28";"OFFICE 365 E5 WITHOUT AUDIO CONFERENCING+MICROSOFT STREAM TRIAL+MICROSOFT 365 AUDIO CONFERENCING+WINDOWS 10/11 ENTERPRISE E5+MICROSOFT FABRIC (FREE)+MICROSOFT POWER AUTOMATE FREE";180;384;12646;4;0;30
"2023-07-29";"1147@anonimo.com";"False";;"2020-11-09";"MICROSOFT 365 E3";180;0;0;0;0;0
"2023-07-29";"1252@anonimo.com";"False";;"2023-07-28";"MICROSOFT POWER AUTOMATE FREE+MICROSOFT 365 E5";180;23;0;0;0;26
"2023-07-29";"4796@anonimo.com";"False";;"2023-07-28";"MICROSOFT POWER AUTOMATE FREE+MICROSOFT FABRIC (FREE)+MICROSOFT 365 F1";180;14;0;0;0;10
"2023-07-29";"3724@anonimo.com";"False";;"2023-07-29";"DYNAMICS 365 CUSTOMER ENGAGEMENT PLAN+ENTERPRISE MOBILITY + SECURITY E3+WINDOWS 10/11 ENTERPRISE E5+MICROSOFT 365 E5+MICROSOFT FABRIC (FREE)+MICROSOFT 365 AUDIO CONFERENCING";180;76;0;12;0;34
"2023-07-29";"3499@anonimo.com";"False";;"2023-05-15";"MICROSOFT 365 BUSINESS PREMIUM+MICROSOFT FABRIC (FREE)+MICROSOFT POWER AUTOMATE FREE";180;0;0;0;0;7
"2023-07-29";"4443@anonimo.com";"False";;"2023-07-29";"ENTERPRISE MOBILITY + SECURITY E3+MICROSOFT POWER AUTOMATE FREE+WINDOWS 10/11 ENTERPRISE E5+MICROSOFT 365 E5+MICROSOFT 365 AUDIO CONFERENCING";180;643;602;76;0;56
"2023-07-29";"4877@anonimo.com";"False";;"2023-07-28";"MICROSOFT POWER AUTOMATE FREE+WINDOWS 10/11 ENTERPRISE E5+MICROSOFT 365 AUDIO CONFERENCING+OFFICE 365 E5 WITHOUT AUDIO CONFERENCING";180;157;0;0;0;14
"2023-07-29";"3216@anonimo.com";"False";;"2023-07-25";"MICROSOFT 365 E3+MICROSOFT POWER AUTOMATE FREE+MICROSOFT FABRIC (FREE)";180;25;0;0;0;20
"2023-07-29";"4039@anonimo.com";"False";;"2023-07-25";"MICROSOFT POWER AUTOMATE FREE+MICROSOFT 365 F1";180;13;0;0;0;11
"2023-07-29";"3436@anonimo.com";"False";;"2023-07-24";"MICROSOFT 365 E3+MICROSOFT POWER AUTOMATE FREE";180;19;0;0;0;12
"2023-07-29";"4592@anonimo.com";"False";;"2023-06-14";"MICROSOFT POWER AUTOMATE FREE+MICROSOFT 365 F1+POWER BI PRO";180;0;0;0;0;4
"2023-07-29";"4366@anonimo.com";"False";;"2023-05-25";;180;12;0;0;0;4
"2023-07-29";"1419@anonimo.com";"False";;"2023-07-29";"MICROSOFT 365 E3+MICROSOFT FABRIC (FREE)+MICROSOFT POWER AUTOMATE FREE";180;132;0;0;0;18
"2023-07-29";"4287@anonimo.com";"False";;"2023-07-28";"MICROSOFT 365 E3";180;35;0;1;0;25
"2023-07-29";"4998@anonimo.com";"False";;"2023-07-27";"MICROSOFT 365 E5+MICROSOFT POWER AUTOMATE FREE";180;0;0;0;0;2
"2023-07-29";"4430@anonimo.com";"False";;"2023-07-29";"MICROSOFT 365 E3+MICROSOFT POWER AUTOMATE FREE";180;11;0;0;0;11
"2023-07-29";"4591@anonimo.com";"False";;"2023-07-28";"MICROSOFT 365 E3+MICROSOFT POWER AUTOMATE FREE+MICROSOFT FABRIC (FREE)";180;143;29;4;0;95
"2023-07-29";"4626@anonimo.com";"False";;"2023-07-28";"MICROSOFT 365 E5+MICROSOFT 365 AUDIO CONFERENCING+WINDOWS 10/11 ENTERPRISE E5+MICROSOFT POWER AUTOMATE FREE";180;229;0;1;0;21
"2023-07-29";"1128@anonimo.com";"False";;"2023-07-22";"MICROSOFT POWER AUTOMATE FREE+MICROSOFT 365 F1";180;5;0;0;0;6
"2023-07-29";"3945@anonimo.com";"False";;"2023-07-28";"MICROSOFT 365 E3+MICROSOFT POWER AUTOMATE FREE";180;21;0;2;0;14
"2023-07-29";"4710@anonimo.com";"False";;"2023-07-28";"MICROSOFT 365 BUSINESS PREMIUM+MICROSOFT POWER AUTOMATE FREE";180;4;0;0;0;5
"2023-07-29";"794@anonimo.com";"False";;"2023-07-28";"MICROSOFT 365 E5+VISIO PLAN 2+WINDOWS 10/11 ENTERPRISE E5+MICROSOFT POWER AUTOMATE FREE+MICROSOFT 365 AUDIO CONFERENCING";180;71;1881;7;0;23
"2023-07-29";"4618@anonimo.com";"False";;"2023-07-28";"OFFICE 365 E5 WITHOUT AUDIO CONFERENCING+MICROSOFT 365 AUDIO CONFERENCING+MICROSOFT POWER AUTOMATE FREE";180;267;455;3;0;17
"2023-07-29";"4033@anonimo.com";"False";;"2023-07-28";"MICROSOFT 365 E3+MICROSOFT FABRIC (FREE)+MICROSOFT POWER AUTOMATE FREE";180;14;0;0;0;7
"2023-07-29";"3972@anonimo.com";"False";;"2023-07-28";"MICROSOFT 365 AUDIO CONFERENCING+ENTERPRISE MOBILITY + SECURITY E3+WINDOWS 10/11 ENTERPRISE E5+MICROSOFT 365 E3+MICROSOFT 365 BUSINESS VOICE (WITHOUT CALLING PLAN)+MICROSOFT POWER AUTOMATE FREE+POWER BI PRO";180;120;0;7;0;30
"2023-07-29";"4931@anonimo.com";"False";;"2023-07-28";"MICROSOFT 365 E3+MICROSOFT POWER AUTOMATE FREE+MICROSOFT FABRIC (FREE)+POWER BI PRO";180;101;0;2;0;29
"2023-07-29";"4156@anonimo.com";"False";;"2020-11-11";"MICROSOFT 365 E3+MICROSOFT FABRIC (FREE)";180;0;0;0;0;0
"2023-07-29";"5285@anonimo.com";"False";;"2023-07-14";"MICROSOFT 365 E3+MICROSOFT FABRIC (FREE)+MICROSOFT POWER AUTOMATE FREE+POWER BI PRO";180;19;0;0;0;10
"2023-07-29";"4864@anonimo.com";"False";;"2023-07-19";"MICROSOFT POWER AUTOMATE FREE+MICROSOFT 365 E3+MICROSOFT FABRIC (FREE)";180;88;13;6;0;20
"2023-07-29";"1410@anonimo.com";"False";;"2023-07-28";"MICROSOFT POWER AUTOMATE FREE+MICROSOFT 365 E5";180;3;0;0;0;7
"2023-07-29";"5428@anonimo.com";"False";;"2023-07-24";"MICROSOFT 365 F1";180;1;0;0;0;3
"2023-07-29";"1447@anonimo.com";"False";;;"MICROSOFT TEAMS EXPLORATORY";180;0;0;0;0;0
"2023-07-29";"1098@anonimo.com";"False";;"2023-07-18";"MICROSOFT STREAM TRIAL+MICROSOFT POWER AUTOMATE FREE+MICROSOFT 365 F1";180;0;0;0;0;3
"2023-07-29";"1339@anonimo.com";"False";;"2023-07-27";"MICROSOFT 365 E3+POWER BI PRO+MICROSOFT POWER AUTOMATE FREE";180;10;0;0;0;3
"2023-07-29";"1254@anonimo.com";"False";;"2023-07-19";"MICROSOFT POWER AUTOMATE FREE+MICROSOFT 365 E3";180;0;0;0;0;4
"2023-07-29";"998@anonimo.com";"False";;"2023-07-28";"MICROSOFT POWER AUTOMATE FREE+MICROSOFT FABRIC (FREE)+MICROSOFT 365 BUSINESS PREMIUM";180;0;0;0;0;4
"2023-07-29";"1417@anonimo.com";"False";;"2023-07-14";"MICROSOFT 365 E3+MICROSOFT POWER AUTOMATE FREE+POWER BI PRO";180;49;0;0;0;18
"2023-07-29";"1271@anonimo.com";"False";;"2023-07-27";"MICROSOFT POWER AUTOMATE FREE+OFFICE 365 E5 WITHOUT AUDIO CONFERENCING";180;20;5;0;0;8
"2023-07-29";"5714@anonimo.com";"False";;"2023-07-28";"MICROSOFT POWER AUTOMATE FREE+POWER BI PRO+MICROSOFT 365 E3+MICROSOFT POWER APPS FOR DEVELOPER";180;34;0;0;1;12
"2023-07-29";"3215@anonimo.com";"False";;"2023-07-11";;180;30;0;0;0;24
"2023-07-29";"1438@anonimo.com";"False";;"2022-11-10";"MICROSOFT TEAMS EXPLORATORY";180;0;0;0;0;0
"2023-07-29";"3287@anonimo.com";"False";;"2023-07-28";"MICROSOFT 365 E3+MICROSOFT STREAM TRIAL+POWER BI PRO+MICROSOFT POWER AUTOMATE FREE";180;20;0;0;0;10
"2023-07-29";"4595@anonimo.com";"False";;"2023-07-29";"MICROSOFT POWER AUTOMATE FREE+PROJECT PLAN 3+OFFICE 365 E5 WITHOUT AUDIO CONFERENCING+MICROSOFT FABRIC (FREE)";180;52;174;6;0;52
"2023-07-29";"4745@anonimo.com";"False";;"2023-07-25";"MICROSOFT POWER AUTOMATE FREE+WINDOWS 10/11 ENTERPRISE E5+OFFICE 365 E5 WITHOUT AUDIO CONFERENCING+MICROSOFT 365 AUDIO CONFERENCING";180;32;0;0;0;15
"2023-07-29";"4743@anonimo.com";"False";;"2023-07-28";"MICROSOFT 365 AUDIO CONFERENCING+MICROSOFT 365 E5+MICROSOFT POWER AUTOMATE FREE";180;15;0;0;0;4
"2023-07-29";"5699@anonimo.com";"False";;"2023-07-18";"MICROSOFT 365 E3+MICROSOFT 365 BUSINESS VOICE (WITHOUT CALLING PLAN)";180;22;0;0;0;14
"2023-07-29";"3372@anonimo.com";"False";;"2023-04-06";;180;15;0;0;0;12
"2023-07-29";"4068@anonimo.com";"False";;"2023-07-27";"OFFICE 365 E5 WITHOUT AUDIO CONFERENCING+MICROSOFT POWER AUTOMATE FREE";180;17;0;0;0;12
"2023-07-29";"3866@anonimo.com";"False";;"2023-07-28";"MICROSOFT 365 E5+MICROSOFT 365 AUDIO CONFERENCING+WINDOWS 10/11 ENTERPRISE E5+MICROSOFT POWER AUTOMATE FREE";180;249;905;1;0;23
"2023-07-29";"1470@anonimo.com";"False";;"2023-07-05";"MICROSOFT 365 E3+MICROSOFT POWER AUTOMATE FREE";180;13;0;0;0;9
"2023-07-29";"1510@anonimo.com";"False";;"2023-07-13";"PROJECT PLAN 5+VISIO PLAN 2+MICROSOFT 365 E5";180;310;528;8;3;47
"2023-07-29";"5173@anonimo.com";"False";;"2023-07-27";"MICROSOFT POWER AUTOMATE FREE+MICROSOFT FABRIC (FREE)+MICROSOFT 365 E3+POWER BI PRO";180;15;0;1;0;19
"2023-07-29";"1291@anonimo.com";"False";;"2023-07-28";"MICROSOFT POWER AUTOMATE FREE+MICROSOFT 365 E3";180;30;0;0;0;20
"2023-07-29";"3585@anonimo.com";"False";;"2023-07-10";"MICROSOFT POWER AUTOMATE FREE+MICROSOFT FABRIC (FREE)+MICROSOFT 365 F1";180;19;0;1;0;11
"2023-07-29";"1472@anonimo.com";"False";;"2023-07-28";"MICROSOFT 365 BUSINESS BASIC+MICROSOFT POWER AUTOMATE FREE";180;6;0;0;0;5
"2023-07-29";"5160@anonimo.com";"False";;"2023-07-28";"MICROSOFT POWER AUTOMATE FREE+MICROSOFT 365 AUDIO CONFERENCING+MICROSOFT 365 E5+PROJECT PLAN 5+ENTERPRISE MOBILITY + SECURITY E3";180;137;591;0;0;17
"2023-07-29";"4527@anonimo.com";"False";;"2023-07-28";"DYNAMICS 365 CUSTOMER VOICE USL+MICROSOFT 365 AUDIO CONFERENCING+WINDOWS 10/11 ENTERPRISE E5+VISIO PLAN 2+ENTERPRISE MOBILITY + SECURITY E3+MICROSOFT 365 E5";180;70;210;4;0;30
"2023-07-29";"1420@anonimo.com";"False";;"2023-03-03";"MICROSOFT POWER AUTOMATE FREE";180;4;0;0;0;2
"2023-07-29";"3737@anonimo.com";"False";;"2023-07-28";"MICROSOFT 365 E5+MICROSOFT POWER AUTOMATE FREE";180;23;3;1;0;15
"2023-07-29";"3549@anonimo.com";"False";;"2023-07-28";"MICROSOFT POWER AUTOMATE FREE+MICROSOFT 365 E3";180;968;0;0;0;21
"2023-07-29";"4999@anonimo.com";"False";;"2023-07-21";"MICROSOFT STREAM TRIAL+MICROSOFT POWER AUTOMATE FREE+MICROSOFT 365 F1";180;7;0;0;0;3
"2023-07-29";"5122@anonimo.com";"False";;"2023-07-28";"MICROSOFT 365 E3+MICROSOFT POWER AUTOMATE FREE";180;12;0;0;0;8
"2023-07-29";"4749@anonimo.com";"False";;"2023-07-26";"MICROSOFT 365 E3+MICROSOFT FABRIC (FREE)";180;421;0;0;0;7
"2023-07-29";"4699@anonimo.com";"False";;"2023-07-27";"MICROSOFT 365 E5+MICROSOFT POWER AUTOMATE FREE";180;52;0;0;0;15
"2023-07-29";"4045@anonimo.com";"False";;"2023-07-26";"MICROSOFT 365 AUDIO CONFERENCING+OFFICE 365 E5 WITHOUT AUDIO CONFERENCING+MICROSOFT FABRIC (FREE)+MICROSOFT POWER AUTOMATE FREE";180;42;0;0;0;24
"2023-07-29";"3550@anonimo.com";"False";;"2023-07-28";"MICROSOFT FABRIC (FREE)+MICROSOFT 365 E3";180;3;42;0;0;6
"2023-07-29";"1238@anonimo.com";"False";;"2022-10-07";"MICROSOFT 365 E3";180;0;0;0;0;0
"2023-07-29";"4351@anonimo.com";"False";;"2023-07-27";"MICROSOFT POWER AUTOMATE FREE+POWER BI PRO+MICROSOFT 365 F1";180;62;1;3;2;18
"2023-07-29";"5430@anonimo.com";"False";;"2023-07-29";"OFFICE 365 E5 WITHOUT AUDIO CONFERENCING+MICROSOFT 365 AUDIO CONFERENCING+MICROSOFT STREAM TRIAL+MICROSOFT POWER AUTOMATE FREE";180;495;625;11;0;31
"2023-07-29";"1263@anonimo.com";"False";;"2023-07-28";"MICROSOFT FABRIC (FREE)+MICROSOFT 365 E3+MICROSOFT POWER AUTOMATE FREE";180;106;0;6;0;9
"2023-07-29";"873@anonimo.com";"False";;"2023-01-13";"MICROSOFT 365 E3+MICROSOFT FABRIC (FREE)";180;0;0;0;0;0
"2023-07-29";"3798@anonimo.com";"False";;"2023-07-21";"MICROSOFT 365 AUDIO CONFERENCING+MICROSOFT POWER AUTOMATE FREE+MICROSOFT 365 E3+POWER BI PRO";180;7;0;0;0;6
"2023-07-29";"4329@anonimo.com";"False";;"2023-07-05";"MICROSOFT 365 E3+MICROSOFT FABRIC (FREE)";180;13;0;0;0;11
"2023-07-29";"5725@anonimo.com";"False";;"2023-07-04";"OFFICE 365 E5 WITHOUT AUDIO CONFERENCING";180;2;0;0;0;1
"2023-07-29";"3416@anonimo.com";"False";;"2023-07-29";"MICROSOFT POWER AUTOMATE FREE+MICROSOFT 365 E3+MICROSOFT FABRIC (FREE)+POWER BI PRO";180;164;0;4;0;33
"2023-07-29";"1425@anonimo.com";"False";;"2023-07-28";"MICROSOFT POWER AUTOMATE FREE+MICROSOFT 365 BUSINESS PREMIUM";180;2900;0;0;0;9
"2023-07-29";"4449@anonimo.com";"False";;"2023-07-27";"MICROSOFT POWER AUTOMATE FREE+MICROSOFT 365 BUSINESS VOICE (WITHOUT CALLING PLAN)+MICROSOFT 365 E3+POWER BI PRO";180;219;1;4;0;68
"2023-07-29";"3462@anonimo.com";"False";;"2023-07-28";"MICROSOFT 365 E3+MICROSOFT POWER AUTOMATE FREE+MICROSOFT FABRIC (FREE)";180;58;0;1;0;22
"2023-07-29";"1495@anonimo.com";"False";;"2023-07-12";"MICROSOFT TEAMS EXPLORATORY";180;0;0;0;0;2
"2023-07-29";"3820@anonimo.com";"False";;"2023-07-24";"MICROSOFT 365 AUDIO CONFERENCING+MICROSOFT STREAM TRIAL+MICROSOFT POWER AUTOMATE FREE+OFFICE 365 E5 WITHOUT AUDIO CONFERENCING";180;8;0;0;0;4
"2023-07-29";"4714@anonimo.com";"False";;"2023-01-08";;180;0;0;0;0;0
"2023-07-29";"5116@anonimo.com";"False";;"2023-07-21";"MICROSOFT 365 E5+MICROSOFT POWER AUTOMATE FREE";180;584;14;1;0;19
"2023-07-29";"4108@anonimo.com";"False";;"2023-07-28";"MICROSOFT POWER AUTOMATE FREE+MICROSOFT 365 F1";180;4;0;0;0;1
"2023-07-29";"3516@anonimo.com";"False";;"2023-07-28";"OFFICE 365 E5 WITHOUT AUDIO CONFERENCING+WINDOWS 10/11 ENTERPRISE E5+MICROSOFT 365 AUDIO CONFERENCING+MICROSOFT POWER AUTOMATE FREE+ENTERPRISE MOBILITY + SECURITY E3+PROJECT PLAN 5";180;21;0;0;0;12
"2023-07-29";"3947@anonimo.com";"False";;"2023-07-28";"MICROSOFT 365 AUDIO CONFERENCING+MICROSOFT POWER AUTOMATE FREE+MICROSOFT 365 E5+PROJECT PLAN 5+WINDOWS 10/11 ENTERPRISE E5";180;367;301;9;0;111
"2023-07-29";"5426@anonimo.com";"False";;"2023-07-19";"MICROSOFT 365 F1";180;1;0;0;0;4
"2023-07-29";"1421@anonimo.com";"False";;"2023-07-28";"MICROSOFT POWER AUTOMATE FREE+MICROSOFT FABRIC (FREE)+MICROSOFT 365 BUSINESS PREMIUM";180;16;0;0;0;14
"2023-07-29";"1362@anonimo.com";"False";;"2023-07-26";"MICROSOFT POWER AUTOMATE FREE+MICROSOFT 365 F1";180;4;0;0;0;3
"2023-07-29";"4565@anonimo.com";"False";;"2023-07-19";"MICROSOFT 365 F1";180;11;0;0;0;4
"2023-07-29";"3751@anonimo.com";"False";;;"MICROSOFT TEAMS EXPLORATORY";180;0;0;0;0;0
"2023-07-29";"3780@anonimo.com";"False";;"2023-07-28";"MICROSOFT 365 E3+MICROSOFT POWER AUTOMATE FREE";180;13;0;0;0;8
"2023-07-29";"1245@anonimo.com";"False";;"2023-07-27";"MICROSOFT 365 E3+MICROSOFT POWER AUTOMATE FREE";180;48;17;4;0;9
"2023-07-29";"5242@anonimo.com";"False";;"2023-07-26";"MICROSOFT 365 BUSINESS VOICE (WITHOUT CALLING PLAN)+MICROSOFT 365 E5+VISIO PLAN 2+ENTERPRISE MOBILITY + SECURITY E3+WINDOWS 10/11 ENTERPRISE E5+MICROSOFT POWER AUTOMATE FREE";180;63;0;6;0;23
"2023-07-29";"1344@anonimo.com";"False";;"2023-07-28";"MICROSOFT 365 E3+MICROSOFT FABRIC (FREE)+MICROSOFT POWER AUTOMATE FREE+POWER BI PRO";180;32;0;0;0;20
"2023-07-29";"4262@anonimo.com";"False";;"2023-07-27";"ENTERPRISE MOBILITY + SECURITY E3+WINDOWS 10/11 ENTERPRISE E5+MICROSOFT 365 E5+MICROSOFT POWER AUTOMATE FREE+RIGHTS MANAGEMENT ADHOC+MICROSOFT 365 AUDIO CONFERENCING";180;20;0;0;0;15
"2023-07-29";"5210@anonimo.com";"False";;"2023-07-24";"MICROSOFT 365 AUDIO CONFERENCING+MICROSOFT POWER AUTOMATE FREE+DYNAMICS 365 CUSTOMER ENGAGEMENT PLAN+WINDOWS 10/11 ENTERPRISE E5+MICROSOFT 365 E3+MICROSOFT FABRIC (FREE)+POWER BI PRO";180;857;1686;24;0;24
"2023-07-29";"4550@anonimo.com";"False";;"2023-07-27";"MICROSOFT 365 E3";180;6;0;0;0;5
"2023-07-29";"913@anonimo.com";"False";;"2023-06-14";"MICROSOFT 365 E3+MICROSOFT POWER AUTOMATE FREE";180;5;0;0;0;5
"2023-07-29";"1477@anonimo.com";"False";;"2023-07-24";"MICROSOFT 365 E3+MICROSOFT POWER AUTOMATE FREE";180;17;0;0;0;9
"2023-07-29";"3273@anonimo.com";"False";;"2023-07-28";"MICROSOFT 365 E3+MICROSOFT POWER AUTOMATE FREE";180;7;0;0;0;2
"2023-07-29";"5319@anonimo.com";"False";;"2023-07-28";"MICROSOFT FABRIC (FREE)+MICROSOFT 365 F1";180;0;0;0;0;4
"2023-07-29";"1044@anonimo.com";"False";;"2023-06-20";"MICROSOFT POWER AUTOMATE FREE+POWER BI PRO+MICROSOFT 365 BUSINESS PREMIUM";180;13;0;1;0;6
"2023-07-29";"5723@anonimo.com";"False";;"2023-07-17";"MICROSOFT POWER AUTOMATE FREE+MICROSOFT 365 F1";180;0;0;0;0;4
"2023-07-29";"5124@anonimo.com";"False";;"2023-07-28";"MICROSOFT 365 E3+MICROSOFT POWER AUTOMATE FREE+MICROSOFT FABRIC (FREE)";180;43;0;2;0;15
"2023-07-29";"1239@anonimo.com";"False";;"2023-04-20";"MICROSOFT 365 E3";180;0;0;0;0;1
"2023-07-29";"3910@anonimo.com";"False";;"2023-06-19";"OFFICE 365 E5 WITHOUT AUDIO CONFERENCING+MICROSOFT 365 AUDIO CONFERENCING+MICROSOFT POWER AUTOMATE FREE";180;132;0;0;0;11
"2023-07-29";"3414@anonimo.com";"False";;"2023-07-27";"MICROSOFT 365 E5+PROJECT PLAN 5+MICROSOFT 365 AUDIO CONFERENCING+VISIO PLAN 2+WINDOWS 10/11 ENTERPRISE E5";180;514;1224;9;0;21
"2023-07-29";"4266@anonimo.com";"False";;"2023-07-29";"MICROSOFT POWER AUTOMATE FREE+OFFICE 365 E5 WITHOUT AUDIO CONFERENCING";180;11;0;1;0;13
"2023-07-29";"4904@anonimo.com";"False";;"2023-07-28";"MICROSOFT POWER AUTOMATE FREE+MICROSOFT FABRIC (FREE)+MICROSOFT 365 BUSINESS PREMIUM";180;31;0;0;0;15
"2023-07-29";"3381@anonimo.com";"False";;"2023-07-17";"MICROSOFT 365 E3+MICROSOFT POWER AUTOMATE FREE";180;4;0;0;0;3
"2023-07-29";"4544@anonimo.com";"False";;"2023-07-28";"MICROSOFT POWER AUTOMATE FREE+MICROSOFT 365 BUSINESS VOICE (WITHOUT CALLING PLAN)+MICROSOFT 365 E5";180;15;0;0;0;3
"2023-07-29";"4913@anonimo.com";"False";;"2023-07-29";"MICROSOFT POWER AUTOMATE FREE+MICROSOFT 365 AUDIO CONFERENCING+OFFICE 365 E5 WITHOUT AUDIO CONFERENCING+WINDOWS 10/11 ENTERPRISE E5";180;120;0;1;0;34
"2023-07-29";"4091@anonimo.com";"False";;"2023-07-28";"MICROSOFT POWER AUTOMATE FREE+POWER BI PRO+MICROSOFT POWER APPS PLAN 2 TRIAL+MICROSOFT 365 F1";180;49;1;3;0;18
"2023-07-29";"5053@anonimo.com";"False";;"2023-07-28";"MICROSOFT 365 AUDIO CONFERENCING+OFFICE 365 E5 WITHOUT AUDIO CONFERENCING+ENTERPRISE MOBILITY + SECURITY E3+DYNAMICS 365 CUSTOMER VOICE USL+MICROSOFT POWER AUTOMATE FREE";180;607;0;37;0;41
"2023-07-29";"5583@anonimo.com";"False";;"2023-07-28";"WINDOWS 10/11 ENTERPRISE E5+ENTERPRISE MOBILITY + SECURITY E3+MICROSOFT 365 AUDIO CONFERENCING+OFFICE 365 E5 WITHOUT AUDIO CONFERENCING+MICROSOFT POWER AUTOMATE FREE";180;39;108;0;0;10
"2023-07-29";"3911@anonimo.com";"False";;"2023-07-28";"MICROSOFT 365 E3+POWER BI PRO+MICROSOFT POWER AUTOMATE FREE";180;56;0;1;0;21
"2023-07-29";"4861@anonimo.com";"False";;"2023-07-28";"MICROSOFT FABRIC (FREE)+MICROSOFT 365 BUSINESS PREMIUM";180;86;194;1;0;11
"2023-07-29";"3409@anonimo.com";"False";;"2023-07-28";"MICROSOFT 365 E3+MICROSOFT POWER AUTOMATE FREE";180;17;0;0;0;11
"2023-07-29";"3553@anonimo.com";"False";;"2023-07-28";"MICROSOFT 365 E3+MICROSOFT POWER AUTOMATE FREE";180;59;8;0;0;18
"2023-07-29";"4763@anonimo.com";"False";;;"MICROSOFT 365 E3+MICROSOFT POWER AUTOMATE FREE";180;0;0;0;0;0
"2023-07-29";"1354@anonimo.com";"False";;"2023-06-13";"MICROSOFT POWER AUTOMATE FREE+MICROSOFT 365 F1";180;4;0;0;0;6
"2023-07-29";"1219@anonimo.com";"False";;"2022-11-29";"MICROSOFT TEAMS EXPLORATORY";180;0;0;0;0;0
"2023-07-29";"3361@anonimo.com";"False";;"2023-07-28";"MICROSOFT 365 BUSINESS PREMIUM+MICROSOFT POWER AUTOMATE FREE";180;4;0;0;0;4
"2023-07-29";"3579@anonimo.com";"False";;"2023-07-28";"MICROSOFT FABRIC (FREE)+OFFICE 365 E5 WITHOUT AUDIO CONFERENCING+MICROSOFT POWER AUTOMATE FREE";180;14;0;0;0;12
"2023-07-29";"4669@anonimo.com";"False";;"2023-07-28";"MICROSOFT 365 E3+POWER BI PRO+MICROSOFT POWER AUTOMATE FREE";180;48;0;0;0;17
"2023-07-29";"5109@anonimo.com";"False";;"2023-07-03";"MICROSOFT 365 E3";180;6;0;0;0;5
"2023-07-29";"3685@anonimo.com";"False";;"2019-09-04";"MICROSOFT 365 E3";180;0;0;0;0;0
"2023-07-29";"5131@anonimo.com";"False";;"2023-07-28";"RIGHTS MANAGEMENT ADHOC+MICROSOFT 365 AUDIO CONFERENCING+WINDOWS 10/11 ENTERPRISE E5+MICROSOFT POWER AUTOMATE FREE+MICROSOFT 365 E5";180;152;19;11;0;59
"2023-07-29";"5707@anonimo.com";"False";;"2023-07-28";"PROJECT PLAN 5+MICROSOFT POWER AUTOMATE FREE+MICROSOFT 365 E3+MICROSOFT FABRIC (FREE)+POWER BI PRO";180;197;0;4;0;26
"2023-07-29";"2768@anonimo.com";"False";;"2023-05-04";"MICROSOFT 365 E3+MICROSOFT POWER AUTOMATE FREE";180;0;0;0;0;2
"2023-07-29";"3973@anonimo.com";"False";;"2023-07-07";"MICROSOFT 365 E3+POWER BI PRO+MICROSOFT POWER AUTOMATE FREE";180;1283;0;0;0;40
"2023-07-29";"4467@anonimo.com";"False";;"2023-07-27";"MICROSOFT 365 E3+POWER BI PRO+MICROSOFT FABRIC (FREE)+MICROSOFT POWER AUTOMATE FREE";180;88;0;0;0;25
"2023-07-29";"5390@anonimo.com";"False";;"2023-07-07";"MICROSOFT 365 E5+MICROSOFT POWER AUTOMATE FREE";180;6;0;0;0;4
"2023-07-29";"5797@anonimo.com";"False";;"2023-07-28";"MICROSOFT 365 E3+ENTERPRISE MOBILITY + SECURITY E3+POWER BI PRO+MICROSOFT 365 BUSINESS VOICE (WITHOUT CALLING PLAN)+VISIO PLAN 2";180;154;0;0;0;24
"2023-07-29";"4333@anonimo.com";"False";;"2023-07-22";"MICROSOFT POWER AUTOMATE FREE+MICROSOFT 365 E3+PROJECT PLAN 5+POWER BI PRO";180;115;207;1;0;17
"2023-07-29";"5415@anonimo.com";"False";;"2023-07-28";"MICROSOFT 365 E3+VISIO PLAN 2+ENTERPRISE MOBILITY + SECURITY E3";180;5;0;0;0;4
"2023-07-29";"1166@anonimo.com";"False";;"2023-07-27";"POWER BI PRO+MICROSOFT POWER AUTOMATE FREE+MICROSOFT 365 F1";180;179;0;2;0;13
"2023-07-29";"3734@anonimo.com";"False";;"2023-07-28";"MICROSOFT POWER AUTOMATE FREE+OFFICE 365 E5 WITHOUT AUDIO CONFERENCING+MICROSOFT POWER APPS FOR DEVELOPER+POWER AUTOMATE PREMIUM+MICROSOFT 365 AUDIO CONFERENCING+MICROSOFT FABRIC (FREE)+MICROSOFT 365 E3";180;573;283;5;0;67
"2023-07-29";"5713@anonimo.com";"False";;"2023-07-28";"MICROSOFT 365 E3+MICROSOFT POWER AUTOMATE FREE";180;8;0;0;0;7
"2023-07-29";"3504@anonimo.com";"False";;"2023-07-28";"MICROSOFT FABRIC (FREE)+MICROSOFT 365 E3+MICROSOFT POWER AUTOMATE FREE";180;4;0;0;0;2
"2023-07-29";"1352@anonimo.com";"False";;"2023-07-07";"MICROSOFT 365 E3+MICROSOFT POWER AUTOMATE FREE+POWER BI PRO";180;35;0;0;0;16
"2023-07-29";"1091@anonimo.com";"False";;"2023-07-10";"MICROSOFT POWER AUTOMATE FREE+OFFICE 365 E5 WITHOUT AUDIO CONFERENCING";180;20;0;0;0;15
"2023-07-29";"1266@anonimo.com";"False";;"2023-07-28";"MICROSOFT FABRIC (FREE)+MICROSOFT 365 E3+MICROSOFT POWER AUTOMATE FREE";180;769;253;31;0;50
"2023-07-29";"1182@anonimo.com";"False";;"2023-07-28";"MICROSOFT STREAM TRIAL+MICROSOFT POWER AUTOMATE FREE+MICROSOFT 365 BUSINESS BASIC";180;0;0;0;0;3
"2023-07-29";"3626@anonimo.com";"False";;"2023-07-26";"ENTERPRISE MOBILITY + SECURITY E3+MICROSOFT 365 E5+MICROSOFT 365 AUDIO CONFERENCING+MICROSOFT FABRIC (FREE)";180;14;0;0;0;6
"2023-07-29";"4441@anonimo.com";"False";;"2023-04-01";;180;3;14;0;0;1
"2023-07-29";"5058@anonimo.com";"False";;"2023-07-28";"MICROSOFT 365 E3";180;0;0;0;0;2
"2023-07-29";"4128@anonimo.com";"False";;"2023-07-25";"ENTERPRISE MOBILITY + SECURITY E3+WINDOWS 10/11 ENTERPRISE E5+MICROSOFT 365 E5+MICROSOFT 365 AUDIO CONFERENCING+VISIO PLAN 2+MICROSOFT POWER AUTOMATE FREE+MICROSOFT POWER APPS FOR DEVELOPER+POWER VIRTUAL AGENTS VIRAL TRIAL+MICROSOFT POWER APPS PLAN 2 TRIAL+POWER PAGES VTRIAL FOR MAKERS+POWERAPPS AND LOGIC FLOWS+PROJECT PLAN 5";180;557;599;26;1;55
"2023-07-29";"5280@anonimo.com";"False";;"2023-07-29";"MICROSOFT 365 E3+MICROSOFT POWER AUTOMATE FREE";180;6;0;0;0;5
"2023-07-29";"4893@anonimo.com";"False";;"2023-07-28";"PROJECT PLAN 5+MICROSOFT 365 E5+MICROSOFT POWER AUTOMATE FREE+WINDOWS 10/11 ENTERPRISE E5+MICROSOFT 365 AUDIO CONFERENCING";180;24;0;0;0;12
"2023-07-29";"1112@anonimo.com";"False";;"2023-07-28";"MICROSOFT POWER AUTOMATE FREE+MICROSOFT FABRIC (FREE)+MICROSOFT 365 F1+POWER BI PRO";180;27;0;0;0;18
"2023-07-29";"1277@anonimo.com";"False";;"2023-07-28";"MICROSOFT POWER AUTOMATE FREE+MICROSOFT 365 AUDIO CONFERENCING+PROJECT PLAN 5+MICROSOFT 365 E3+POWER BI PRO";180;129;2;7;0;54
"2023-07-29";"3568@anonimo.com";"False";;"2023-07-28";"MICROSOFT 365 F1";180;8;0;0;0;8
"2023-07-29";"4928@anonimo.com";"False";;"2023-06-27";"MICROSOFT 365 BUSINESS PREMIUM";180;6;0;0;0;4
"2023-07-29";"4600@anonimo.com";"False";;"2023-07-28";"OFFICE 365 E5 WITHOUT AUDIO CONFERENCING+MICROSOFT POWER AUTOMATE FREE";180;127;374;0;0;10
"2023-07-29";"3275@anonimo.com";"False";;"2023-07-28";"MICROSOFT 365 E5+MICROSOFT POWER AUTOMATE FREE+MICROSOFT 365 AUDIO CONFERENCING";180;45;0;2;0;17
"2023-07-29";"5318@anonimo.com";"False";;"2023-07-28";"MICROSOFT 365 E3+MICROSOFT POWER AUTOMATE FREE+MICROSOFT FABRIC (FREE)";180;464;0;0;0;24
"2023-07-29";"3505@anonimo.com";"False";;"2023-03-28";;180;33;0;0;0;47
"2023-07-29";"3192@anonimo.com";"False";;"2023-07-26";"OFFICE 365 E5 WITHOUT AUDIO CONFERENCING+MICROSOFT POWER AUTOMATE FREE+WINDOWS 10/11 ENTERPRISE E5";180;37;1;1;0;40
"2023-07-29";"1129@anonimo.com";"False";;"2023-07-28";"MICROSOFT 365 E3+MICROSOFT FABRIC (FREE)+MICROSOFT POWER AUTOMATE FREE";180;26;0;0;0;14
"2023-07-29";"5582@anonimo.com";"False";;"2023-07-20";"MICROSOFT POWER AUTOMATE FREE+WINDOWS 10/11 ENTERPRISE E5+MICROSOFT 365 E5";180;49;1;1;0;23
"2023-07-29";"3766@anonimo.com";"False";;"2023-07-25";"MICROSOFT 365 E5";180;44;0;0;0;9
"2023-07-29";"4887@anonimo.com";"False";;"2023-07-17";"MICROSOFT 365 AUDIO CONFERENCING+OFFICE 365 E5 WITHOUT AUDIO CONFERENCING+ENTERPRISE MOBILITY + SECURITY E3+MICROSOFT POWER AUTOMATE FREE";180;16;1;0;0;14
"2023-07-29";"4468@anonimo.com";"False";;"2023-07-28";"MICROSOFT POWER AUTOMATE FREE+ENTERPRISE MOBILITY + SECURITY E3+MICROSOFT 365 AUDIO CONFERENCING+WINDOWS 10/11 ENTERPRISE E5+POWER BI PRO+MICROSOFT 365 E3";180;3770;0;0;0;25
"2023-07-29";"4511@anonimo.com";"False";;"2023-07-28";"OFFICE 365 E5 WITHOUT AUDIO CONFERENCING+MICROSOFT POWER AUTOMATE FREE+MICROSOFT STREAM TRIAL";180;26;0;0;0;11
"2023-07-29";"5080@anonimo.com";"False";;"2023-06-16";"MICROSOFT 365 F1+MICROSOFT FABRIC (FREE)";180;4;0;0;0;1
"2023-07-29";"1155@anonimo.com";"False";;"2023-07-26";"MICROSOFT 365 E3+MICROSOFT 365 BUSINESS VOICE (WITHOUT CALLING PLAN)+MICROSOFT POWER AUTOMATE FREE+VISIO PLAN 2";180;44;0;0;0;7
"2023-07-29";"5741@anonimo.com";"False";;;;180;0;0;0;0;0
"2023-07-29";"1120@anonimo.com";"False";;"2023-07-29";"MICROSOFT POWER AUTOMATE FREE+OFFICE 365 E5 WITHOUT AUDIO CONFERENCING";180;39;0;0;0;6
"2023-07-29";"1162@anonimo.com";"False";;"2023-07-28";"MICROSOFT POWER AUTOMATE FREE+MICROSOFT 365 E5";180;222;0;1;0;19
"2023-07-29";"3265@anonimo.com";"False";;"2023-07-29";"MICROSOFT 365 E5+MICROSOFT POWER AUTOMATE FREE";180;47;15;2;0;31
"2023-07-29";"3643@anonimo.com";"False";;"2023-07-28";"MICROSOFT 365 E3+MICROSOFT POWER AUTOMATE FREE+POWER BI PRO+PROJECT PLAN 5";180;248;0;7;0;27
"2023-07-29";"3573@anonimo.com";"False";;"2023-07-28";"MICROSOFT POWER AUTOMATE FREE+MICROSOFT FABRIC (FREE)+POWER BI PRO+MICROSOFT POWER APPS FOR DEVELOPER+MICROSOFT 365 BUSINESS PREMIUM";180;392;97;6;0;30
"2023-07-29";"4063@anonimo.com";"False";;"2023-07-28";"MICROSOFT 365 E3+MICROSOFT POWER AUTOMATE FREE";180;237;0;16;0;22
"2023-07-29";"3342@anonimo.com";"False";;"2023-07-28";"MICROSOFT 365 AUDIO CONFERENCING+WINDOWS 10/11 ENTERPRISE E5+MICROSOFT 365 E5+DYNAMICS 365 CUSTOMER ENGAGEMENT PLAN";180;743;1375;11;0;33
"2023-07-29";"3744@anonimo.com";"False";;"2023-07-28";"MICROSOFT FABRIC (FREE)+MICROSOFT POWER AUTOMATE FREE+MICROSOFT 365 BUSINESS PREMIUM+POWER BI PRO";180;9;0;0;0;7
"2023-07-29";"3397@anonimo.com";"False";;"2023-07-28";"OFFICE 365 E5 WITHOUT AUDIO CONFERENCING";180;14;0;0;0;12
"2023-07-29";"1220@anonimo.com";"False";;"2023-07-27";"MICROSOFT POWER AUTOMATE FREE+MICROSOFT 365 F1";180;0;0;0;0;3
"2023-07-29";"3983@anonimo.com";"False";;"2023-07-27";"MICROSOFT 365 E3+MICROSOFT FABRIC (FREE)+PROJECT PLAN 5";180;18;0;0;0;20
"2023-07-29";"872@anonimo.com";"False";;"2023-07-29";"POWER BI PRO+MICROSOFT 365 E3+MICROSOFT POWER AUTOMATE FREE";180;45;0;0;0;5
"2023-07-29";"5775@anonimo.com";"False";;"2023-07-28";"MICROSOFT POWER AUTOMATE FREE+MICROSOFT 365 BUSINESS PREMIUM+POWER BI PRO";180;13;0;0;0;7
"2023-07-29";"1343@anonimo.com";"False";;"2023-04-24";"MICROSOFT POWER AUTOMATE FREE+MICROSOFT TEAMS EXPLORATORY";180;0;0;0;0;1
"2023-07-29";"1482@anonimo.com";"False";;"2023-07-28";"MICROSOFT POWER AUTOMATE FREE+OFFICE 365 E5 WITHOUT AUDIO CONFERENCING";180;235;0;0;0;27
"2023-07-29";"1100@anonimo.com";"False";;"2023-04-24";"MICROSOFT 365 F1";180;0;0;0;0;2
"2023-07-29";"3366@anonimo.com";"False";;"2023-07-29";"MICROSOFT FABRIC (FREE)+MICROSOFT POWER AUTOMATE FREE+MICROSOFT 365 E5";180;30;0;0;0;13
"2023-07-29";"4806@anonimo.com";"False";;"2023-07-06";"MICROSOFT 365 BUSINESS PREMIUM";180;3;0;0;0;5
"2023-07-29";"4954@anonimo.com";"False";;"2023-07-28";"MICROSOFT POWER AUTOMATE FREE+MICROSOFT 365 E3+POWER BI PRO";180;173;0;11;0;14
"2023-07-29";"3560@anonimo.com";"False";;"2023-07-27";"MICROSOFT 365 F1";180;12;0;0;0;10
"2023-07-29";"5233@anonimo.com";"False";;"2023-07-28";"MICROSOFT FABRIC (FREE)+MICROSOFT POWER AUTOMATE FREE+MICROSOFT 365 E3+VISIO PLAN 2";180;20;0;0;0;16
"2023-07-29";"3294@anonimo.com";"False";;"2023-07-28";"MICROSOFT POWER AUTOMATE FREE+MICROSOFT 365 E3+POWER BI PRO";180;154;0;18;0;22
"2023-07-29";"3861@anonimo.com";"False";;"2023-07-27";"MICROSOFT 365 BUSINESS PREMIUM+MICROSOFT POWER AUTOMATE FREE";180;2;0;0;0;7
"2023-07-29";"4077@anonimo.com";"False";;"2023-07-18";"MICROSOFT 365 BUSINESS PREMIUM";180;27;0;0;0;19
"2023-07-29";"5123@anonimo.com";"False";;"2023-07-28";"MICROSOFT FABRIC (FREE)+MICROSOFT 365 E5+MICROSOFT POWER AUTOMATE FREE";180;5188;0;0;0;13
"2023-07-29";"5303@anonimo.com";"False";;"2023-07-29";"MICROSOFT 365 E3+POWER BI PRO+MICROSOFT POWER AUTOMATE FREE";180;29;0;2;0;17
"2023-07-29";"5090@anonimo.com";"False";;"2023-07-28";"MICROSOFT 365 F1";180;11;0;0;0;3
"2023-07-29";"3582@anonimo.com";"False";;"2023-07-28";"MICROSOFT 365 E5+MICROSOFT POWER AUTOMATE FREE";180;41;0;3;0;24
"2023-07-29";"1393@anonimo.com";"False";;"2023-07-28";"MICROSOFT POWER AUTOMATE FREE+MICROSOFT 365 E5";180;17;0;0;0;12
"2023-07-29";"5866@anonimo.com";"False";;"2023-07-20";"MICROSOFT 365 BUSINESS BASIC";180;23;0;0;0;17
"2023-07-29";"3725@anonimo.com";"False";;"2023-07-26";"MICROSOFT 365 BUSINESS PREMIUM+MICROSOFT FABRIC (FREE)+POWER BI PRO";180;31;0;1;0;16
"2023-07-29";"3789@anonimo.com";"False";;"2023-07-25";"MICROSOFT 365 AUDIO CONFERENCING+MICROSOFT POWER AUTOMATE FREE+WINDOWS 10/11 ENTERPRISE E5+MICROSOFT 365 E3+MICROSOFT FABRIC (FREE)+POWER BI PRO";180;27;0;0;0;25
"2023-07-29";"5889@anonimo.com";"False";;"2023-07-27";"MICROSOFT POWER AUTOMATE FREE+MICROSOFT 365 F1";180;1;0;0;0;4
"2023-07-29";"3327@anonimo.com";"False";;"2023-07-28";"POWER BI PRO+MICROSOFT 365 E3+MICROSOFT POWER AUTOMATE FREE+MICROSOFT 365 AUDIO CONFERENCING";180;17;0;1;0;12
"2023-07-29";"5421@anonimo.com";"False";;"2023-06-29";"OFFICE 365 E5 WITHOUT AUDIO CONFERENCING+MICROSOFT 365 AUDIO CONFERENCING+MICROSOFT STREAM TRIAL+PROJECT PLAN 3";180;5;0;1;0;3
"2023-07-29";"4731@anonimo.com";"False";;"2023-07-28";"MICROSOFT POWER AUTOMATE FREE+MICROSOFT FABRIC (FREE)+OFFICE 365 E5 WITHOUT AUDIO CONFERENCING";180;63;352;1;0;13
"2023-07-29";"3369@anonimo.com";"False";;"2023-07-27";"MICROSOFT 365 E3+POWER BI PRO+ENTERPRISE MOBILITY + SECURITY E3";180;28;0;1;0;19
"2023-07-29";"4611@anonimo.com";"False";;"2023-07-28";"OFFICE 365 E5 WITHOUT AUDIO CONFERENCING+MICROSOFT 365 AUDIO CONFERENCING+MICROSOFT POWER AUTOMATE FREE+MICROSOFT STREAM TRIAL+ENTERPRISE MOBILITY + SECURITY E3";180;899;2911;41;0;35
"2023-07-29";"4525@anonimo.com";"False";;"2023-07-28";"MICROSOFT 365 AUDIO CONFERENCING+MICROSOFT POWER AUTOMATE FREE+OFFICE 365 E5 WITHOUT AUDIO CONFERENCING+DYNAMICS 365 CUSTOMER ENGAGEMENT PLAN";180;377;1084;5;0;29
"2023-07-29";"4831@anonimo.com";"False";;"2023-07-28";"MICROSOFT POWER AUTOMATE FREE+MICROSOFT 365 E5";180;25;0;0;0;18
"2023-07-29";"5327@anonimo.com";"False";;"2023-07-28";"MICROSOFT 365 E3+MICROSOFT FABRIC (FREE)";180;274;305;12;0;13
"2023-07-29";"1370@anonimo.com";"False";;"2023-06-30";"MICROSOFT POWER AUTOMATE FREE+MICROSOFT 365 F1";180;4;0;0;0;7
"2023-07-29";"1337@anonimo.com";"False";;"2023-07-28";"MICROSOFT POWER AUTOMATE FREE+MICROSOFT 365 E3+MICROSOFT 365 BUSINESS VOICE (WITHOUT CALLING PLAN)";180;7;0;0;0;7
"2023-07-29";"5016@anonimo.com";"False";;"2023-07-27";"VISIO PLAN 2+WINDOWS 10/11 ENTERPRISE E5+MICROSOFT 365 E5+MICROSOFT POWER AUTOMATE FREE";180;95;0;3;0;14
"2023-07-29";"5145@anonimo.com";"False";;"2023-07-28";"MICROSOFT 365 E3+MICROSOFT FABRIC (FREE)+POWER BI PRO";180;70;0;0;0;33
"2023-07-29";"3468@anonimo.com";"False";;"2023-07-27";"MICROSOFT POWER AUTOMATE FREE+MICROSOFT FABRIC (FREE)+OFFICE 365 E5 WITHOUT AUDIO CONFERENCING";180;5;0;0;0;5
"2023-07-29";"4371@anonimo.com";"False";;"2023-07-29";"MICROSOFT 365 E3+MICROSOFT POWER AUTOMATE FREE+MICROSOFT FABRIC (FREE)+MICROSOFT POWER APPS FOR DEVELOPER+VISIO PLAN 2";180;179;560;19;0;45
"2023-07-29";"4734@anonimo.com";"False";;"2023-07-29";"MICROSOFT 365 E3";180;52;0;1;1;15
"2023-07-29";"3829@anonimo.com";"False";;"2023-06-29";"MICROSOFT 365 BUSINESS BASIC";180;11;0;0;0;12
"2023-07-29";"5815@anonimo.com";"False";;"2023-07-28";"PROJECT PLAN 5+OFFICE 365 E5 WITHOUT AUDIO CONFERENCING+MICROSOFT POWER AUTOMATE FREE+POWER VIRTUAL AGENTS VIRAL TRIAL+MICROSOFT POWER APPS FOR DEVELOPER+POWER PAGES VTRIAL FOR MAKERS";180;42;1;1;0;32
"2023-07-29";"4945@anonimo.com";"False";;"2023-07-29";"MICROSOFT POWER AUTOMATE FREE+ENTERPRISE MOBILITY + SECURITY E3+MICROSOFT 365 AUDIO CONFERENCING+PROJECT PLAN 5+WINDOWS 10/11 ENTERPRISE E5+OFFICE 365 E5 WITHOUT AUDIO CONFERENCING";180;144;679;1;0;24
"2023-07-29";"4997@anonimo.com";"False";;;"MICROSOFT POWER AUTOMATE FREE+MICROSOFT TEAMS EXPLORATORY";180;0;0;0;0;0
"2023-07-29";"5044@anonimo.com";"False";;"2023-07-18";"MICROSOFT 365 F1";180;14;0;0;0;9
"2023-07-29";"4074@anonimo.com";"False";;"2023-07-29";"MICROSOFT POWER AUTOMATE FREE+ENTERPRISE MOBILITY + SECURITY E3+PROJECT PLAN 5+VISIO PLAN 2+MICROSOFT 365 AUDIO CONFERENCING+MICROSOFT 365 E5";180;33;34;2;0;18
"2023-07-29";"5371@anonimo.com";"False";;"2023-07-29";"MICROSOFT FABRIC (FREE)+MICROSOFT 365 E5+MICROSOFT POWER AUTOMATE FREE";180;128;0;10;0;25
"2023-07-29";"3225@anonimo.com";"False";;"2023-07-28";"VISIO PLAN 2+OFFICE 365 E5 WITHOUT AUDIO CONFERENCING+MICROSOFT 365 AUDIO CONFERENCING+MICROSOFT POWER AUTOMATE FREE+PROJECT PLAN 5";180;69;241;1;0;17
"2023-07-29";"1175@anonimo.com";"False";;"2023-07-28";"MICROSOFT POWER AUTOMATE FREE+MICROSOFT FABRIC (FREE)+DYNAMICS 365 CUSTOMER ENGAGEMENT PLAN+DYNAMICS 365 CUSTOMER VOICE USL+POWERAPPS AND LOGIC FLOWS+MICROSOFT 365 E3";180;799;0;80;0;79
"2023-07-29";"3340@anonimo.com";"False";;"2023-07-21";"MICROSOFT FABRIC (FREE)+MICROSOFT POWER AUTOMATE FREE+MICROSOFT 365 BUSINESS PREMIUM";180;23;0;0;0;16
"2023-07-29";"5694@anonimo.com";"False";;"2023-07-29";"MICROSOFT 365 E5+PROJECT PLAN 5+MICROSOFT FABRIC (FREE)+MICROSOFT 365 AUDIO CONFERENCING";180;66;7;6;0;27
"2023-07-29";"1059@anonimo.com";"False";;"2023-07-24";"MICROSOFT 365 E3+MICROSOFT FABRIC (FREE)+MICROSOFT POWER AUTOMATE FREE";180;13;0;0;0;10
"2023-07-29";"4174@anonimo.com";"False";;"2023-07-28";"MICROSOFT 365 F1+MICROSOFT FABRIC (FREE)";180;2;21;0;0;0
"2023-07-29";"4453@anonimo.com";"False";;"2023-07-28";"MICROSOFT FABRIC (FREE)+MICROSOFT 365 E3+POWER VIRTUAL AGENTS VIRAL TRIAL";180;363;0;2;0;17
"2023-07-29";"3849@anonimo.com";"False";;"2023-07-27";"MICROSOFT POWER AUTOMATE FREE+OFFICE 365 E5 WITHOUT AUDIO CONFERENCING";180;38;0;2;0;20
"2023-07-29";"3299@anonimo.com";"False";;"2023-07-28";"ENTERPRISE MOBILITY + SECURITY E3+MICROSOFT POWER AUTOMATE FREE+MICROSOFT 365 E3";180;16;0;1;0;11
"2023-07-29";"4875@anonimo.com";"False";;"2023-07-29";"MICROSOFT 365 E3+POWER BI PRO";180;71;0;3;0;25
"2023-07-29";"4200@anonimo.com";"False";;"2023-07-27";"MICROSOFT FABRIC (FREE)+MICROSOFT 365 E5";180;35;0;0;0;20
"2023-07-29";"3238@anonimo.com";"False";;"2023-07-29";"POWER BI PRO+MICROSOFT POWER AUTOMATE FREE+MICROSOFT 365 E3";180;62;139;0;0;16
"2023-07-29";"3295@anonimo.com";"False";;"2023-07-28";"MICROSOFT FABRIC (FREE)+MICROSOFT POWER AUTOMATE FREE+MICROSOFT 365 E3";180;22;0;0;0;15
"2023-07-29";"1234@anonimo.com";"False";;"2023-07-26";"MICROSOFT FABRIC (FREE)+OFFICE 365 E5 WITHOUT AUDIO CONFERENCING";180;53;55;8;1;26
"2023-07-29";"5738@anonimo.com";"False";;"2023-07-28";"OFFICE 365 E5 WITHOUT AUDIO CONFERENCING+MICROSOFT POWER AUTOMATE FREE";180;14;0;0;0;8
"2023-07-29";"4153@anonimo.com";"False";;"2023-07-28";"MICROSOFT 365 E3+MICROSOFT POWER AUTOMATE FREE";180;2;0;0;0;3
"2023-07-29";"4777@anonimo.com";"False";;"2023-07-29";"MICROSOFT POWER AUTOMATE FREE+MICROSOFT FABRIC (FREE)+MICROSOFT 365 F1+POWER BI PRO";180;113;0;6;1;40
"2023-07-29";"1019@anonimo.com";"False";;"2023-07-26";"MICROSOFT POWER AUTOMATE FREE+MICROSOFT STREAM TRIAL+MICROSOFT 365 F1";180;0;0;0;0;1
"2023-07-29";"4054@anonimo.com";"False";;"2023-07-19";"MICROSOFT POWER AUTOMATE FREE+MICROSOFT FABRIC (FREE)+MICROSOFT 365 F1";180;4;0;0;0;5
"2023-07-29";"3787@anonimo.com";"False";;"2023-06-15";"MICROSOFT 365 E5+ENTERPRISE MOBILITY + SECURITY E3+MICROSOFT 365 AUDIO CONFERENCING+VISIO PLAN 2+WINDOWS 10/11 ENTERPRISE E5+MICROSOFT POWER AUTOMATE FREE";180;5;1;0;0;3
"2023-07-29";"4750@anonimo.com";"False";;"2023-07-28";"MICROSOFT POWER AUTOMATE FREE+MICROSOFT 365 E5+PROJECT PLAN 5+MICROSOFT 365 AUDIO CONFERENCING+WINDOWS 10/11 ENTERPRISE E5";180;43;0;3;0;23
"2023-07-29";"901@anonimo.com";"False";;"2023-07-26";"MICROSOFT FABRIC (FREE)";180;20;0;0;0;8
"2023-07-29";"3570@anonimo.com";"False";;"2023-02-01";;180;0;0;0;0;1
"2023-07-29";"1049@anonimo.com";"False";;"2023-07-06";"MICROSOFT POWER AUTOMATE FREE+MICROSOFT 365 F1";180;12;0;0;0;6
"2023-07-29";"3256@anonimo.com";"False";;"2023-07-22";"MICROSOFT POWER AUTOMATE FREE+POWER BI PRO+MICROSOFT 365 F1";180;31;0;0;0;11
"2023-07-29";"4065@anonimo.com";"False";;"2023-07-29";"DYNAMICS 365 CUSTOMER ENGAGEMENT PLAN+OFFICE 365 E5 WITHOUT AUDIO CONFERENCING+MICROSOFT 365 AUDIO CONFERENCING+MICROSOFT POWER AUTOMATE FREE+MICROSOFT STREAM TRIAL";180;543;588;142;0;107
"2023-07-29";"1046@anonimo.com";"False";;"2023-07-28";"MICROSOFT POWER AUTOMATE FREE+MICROSOFT 365 BUSINESS BASIC";180;31;0;0;0;31
"2023-07-29";"5168@anonimo.com";"False";;"2023-07-28";"MICROSOFT 365 E3+MICROSOFT POWER AUTOMATE FREE+MICROSOFT FABRIC (FREE)";180;34;15;1;0;28
"2023-07-29";"1273@anonimo.com";"False";;"2023-07-19";"MICROSOFT 365 E3+MICROSOFT POWER AUTOMATE FREE";180;6;0;0;0;6
"2023-07-29";"1473@anonimo.com";"False";;"2023-07-29";"MICROSOFT 365 E3+MICROSOFT POWER AUTOMATE FREE+MICROSOFT FABRIC (FREE)";180;16;0;1;0;9
"2023-07-29";"4638@anonimo.com";"False";;"2023-07-28";"ENTERPRISE MOBILITY + SECURITY E3+WINDOWS 10/11 ENTERPRISE E5+MICROSOFT POWER APPS PLAN 2 TRIAL+MICROSOFT 365 AUDIO CONFERENCING+MICROSOFT 365 E5";180;20;1;3;0;21
"2023-07-29";"4116@anonimo.com";"False";;"2023-07-28";"POWERAPPS AND LOGIC FLOWS+MICROSOFT POWER APPS PLAN 2 TRIAL+MICROSOFT 365 E5+DYNAMICS 365 CUSTOMER ENGAGEMENT PLAN+MICROSOFT 365 AUDIO CONFERENCING+DYNAMICS 365 CUSTOMER VOICE USL+WINDOWS 10/11 ENTERPRISE E5";180;159;158;40;0;43
"2023-07-29";"1469@anonimo.com";"False";;"2023-07-27";"MICROSOFT 365 E3+MICROSOFT POWER AUTOMATE FREE";180;22;0;0;0;16
"2023-07-29";"4946@anonimo.com";"False";;"2023-07-25";"POWERAPPS AND LOGIC FLOWS+POWER BI PRO+MICROSOFT 365 E3+DYNAMICS 365 CUSTOMER ENGAGEMENT PLAN+MICROSOFT POWER AUTOMATE FREE+DYNAMICS 365 CUSTOMER VOICE USL";180;377;24;40;0;26
"2023-07-29";"3914@anonimo.com";"False";;"2023-07-28";"MICROSOFT POWER AUTOMATE FREE+WINDOWS 10/11 ENTERPRISE E5+MICROSOFT 365 E5+MICROSOFT STREAM TRIAL";180;97;0;2;0;25
"2023-07-29";"5821@anonimo.com";"False";;"2023-07-29";"MICROSOFT 365 E3+MICROSOFT FABRIC (FREE)+MICROSOFT POWER AUTOMATE FREE";180;16;0;0;0;14
"2023-07-29";"5399@anonimo.com";"False";;"2023-07-28";"OFFICE 365 E5 WITHOUT AUDIO CONFERENCING+MICROSOFT POWER AUTOMATE FREE";180;59;2;3;0;28
"2023-07-29";"3732@anonimo.com";"False";;;"MICROSOFT 365 F1";180;0;0;0;0;0
"2023-07-29";"4210@anonimo.com";"False";;"2023-07-29";"MICROSOFT 365 E3+MICROSOFT POWER AUTOMATE FREE";180;208;4;14;0;19
"2023-07-29";"1195@anonimo.com";"False";;"2023-07-29";"MICROSOFT 365 E3";180;13;0;0;0;14
"2023-07-29";"587@anonimo.com";"False";;"2023-07-29";"MICROSOFT 365 E5+DYNAMICS 365 CUSTOMER ENGAGEMENT PLAN+MICROSOFT 365 AUDIO CONFERENCING";180;67;436;3;0;33
"2023-07-29";"4761@anonimo.com";"False";;"2023-07-29";"MICROSOFT 365 E5+RIGHTS MANAGEMENT ADHOC+VISIO PLAN 2+PROJECT PLAN 5";180;3081;2;2;0;61
"2023-07-29";"5507@anonimo.com";"False";;"2023-07-29";"MICROSOFT 365 E3+MICROSOFT POWER AUTOMATE FREE";180;16;0;0;0;16
"2023-07-29";"4841@anonimo.com";"False";;"2023-07-26";"MICROSOFT 365 E3+MICROSOFT FABRIC (FREE)";180;475;0;2;0;19
"2023-07-29";"4924@anonimo.com";"False";;"2023-07-28";"MICROSOFT 365 AUDIO CONFERENCING+MICROSOFT 365 E5+MICROSOFT 365 BUSINESS VOICE (WITHOUT CALLING PLAN)";180;1478;999;0;0;26
"2023-07-29";"1487@anonimo.com";"False";;"2023-07-28";"MICROSOFT 365 E3+MICROSOFT POWER AUTOMATE FREE+MICROSOFT FABRIC (FREE)+MICROSOFT POWER APPS FOR DEVELOPER+VISIO PLAN 2+MICROSOFT 365 BUSINESS VOICE (WITHOUT CALLING PLAN)";180;140;558;8;0;35
"2023-07-29";"4573@anonimo.com";"False";;"2023-07-28";"MICROSOFT 365 E5+MICROSOFT 365 BUSINESS VOICE (WITHOUT CALLING PLAN)";180;927;1167;0;0;14
"2023-07-29";"5054@anonimo.com";"False";;"2023-07-28";"MICROSOFT 365 E3+MICROSOFT POWER AUTOMATE FREE+PROJECT PLAN 5+POWER BI PRO";180;157;0;38;14;49
"2023-07-29";"4187@anonimo.com";"False";;"2023-07-27";"MICROSOFT 365 E3+MICROSOFT POWER AUTOMATE FREE+MICROSOFT FABRIC (FREE)";180;574;0;15;0;15
"2023-07-29";"5133@anonimo.com";"False";;"2023-07-13";"WINDOWS 10/11 ENTERPRISE E5+MICROSOFT POWER AUTOMATE FREE+MICROSOFT 365 E3+POWER BI PRO";180;20;0;0;0;8
"2023-07-29";"4501@anonimo.com";"False";;"2023-06-30";"MICROSOFT 365 AUDIO CONFERENCING+WINDOWS 10/11 ENTERPRISE E5+MICROSOFT 365 E5";180;1;0;0;0;4
"2023-07-29";"5840@anonimo.com";"False";;"2023-07-20";"MICROSOFT POWER AUTOMATE FREE+POWER BI PRO+MICROSOFT 365 BUSINESS PREMIUM";180;20;0;0;0;11
"2023-07-29";"3496@anonimo.com";"False";;"2023-07-29";"MICROSOFT POWER AUTOMATE FREE+MICROSOFT FABRIC (FREE)+MICROSOFT 365 BUSINESS VOICE (WITHOUT CALLING PLAN)+MICROSOFT 365 E5";180;45;1;15;0;41
"2023-07-29";"1426@anonimo.com";"False";;"2023-07-28";"WINDOWS 10/11 ENTERPRISE E5+MICROSOFT POWER AUTOMATE FREE+VISIO PLAN 2+MICROSOFT 365 AUDIO CONFERENCING+MICROSOFT 365 E5+ENTERPRISE MOBILITY + SECURITY E3+PROJECT PLAN 5";180;450;18;3;0;21
"2023-07-29";"5315@anonimo.com";"False";;"2023-07-27";"MICROSOFT 365 E5+ENTERPRISE MOBILITY + SECURITY E3+MICROSOFT 365 AUDIO CONFERENCING+WINDOWS 10/11 ENTERPRISE E5+MICROSOFT POWER AUTOMATE FREE";180;29;0;3;0;17
"2023-07-29";"4843@anonimo.com";"False";;"2023-07-17";"MICROSOFT POWER AUTOMATE FREE+MICROSOFT FABRIC (FREE)+MICROSOFT 365 E3+POWER BI PRO";180;11;0;0;0;5
"2023-07-29";"4417@anonimo.com";"False";;"2023-07-28";"MICROSOFT FABRIC (FREE)+MICROSOFT POWER AUTOMATE FREE+MICROSOFT 365 AUDIO CONFERENCING+OFFICE 365 E5 WITHOUT AUDIO CONFERENCING+WINDOWS 10/11 ENTERPRISE E5";180;190;0;4;0;31
"2023-07-29";"4337@anonimo.com";"False";;"2023-07-28";"MICROSOFT FABRIC (FREE)+MICROSOFT POWER AUTOMATE FREE+MICROSOFT 365 BUSINESS PREMIUM";180;8;0;0;0;13
"2023-07-29";"1509@anonimo.com";"False";;"2023-07-19";"MICROSOFT 365 E3";180;4;0;0;0;2
"2023-07-29";"1169@anonimo.com";"False";;"2023-07-26";"WINDOWS 10/11 ENTERPRISE E5+MICROSOFT POWER AUTOMATE FREE+MICROSOFT 365 E3+MICROSOFT 365 AUDIO CONFERENCING";180;11;0;0;0;7
"2023-07-29";"1331@anonimo.com";"False";;"2023-07-24";"MICROSOFT 365 E3+MICROSOFT FABRIC (FREE)+MICROSOFT POWER AUTOMATE FREE";180;38;0;12;0;18
"2023-07-29";"3960@anonimo.com";"False";;"2023-07-28";"MICROSOFT 365 E3+MICROSOFT POWER AUTOMATE FREE";180;1949;0;7;0;26
"2023-07-29";"3709@anonimo.com";"False";;"2023-07-18";"MICROSOFT POWER AUTOMATE FREE+MICROSOFT 365 AUDIO CONFERENCING+OFFICE 365 E5 WITHOUT AUDIO CONFERENCING+WINDOWS 10/11 ENTERPRISE E5";180;32;0;0;0;22
"2023-07-29";"1459@anonimo.com";"False";;"2023-06-20";"MICROSOFT POWER AUTOMATE FREE+MICROSOFT TEAMS EXPLORATORY";180;13;0;0;0;4
"2023-07-29";"787@anonimo.com";"False";;"2023-07-28";"MICROSOFT 365 E3";180;13;0;0;0;6
"2023-07-29";"3631@anonimo.com";"False";;"2023-07-28";"ENTERPRISE MOBILITY + SECURITY E3+WINDOWS 10/11 ENTERPRISE E5+MICROSOFT 365 E5+MICROSOFT 365 AUDIO CONFERENCING";180;54;5179;3;0;13
"2023-07-29";"1488@anonimo.com";"False";;"2023-07-18";"MICROSOFT 365 E3";180;15;0;0;0;11
"2023-07-29";"3554@anonimo.com";"False";;"2023-07-28";"MICROSOFT 365 E5+MICROSOFT POWER AUTOMATE FREE";180;95;0;0;0;27
"2023-07-29";"4079@anonimo.com";"False";;"2023-07-29";"MICROSOFT 365 AUDIO CONFERENCING+MICROSOFT POWER AUTOMATE FREE+WINDOWS 10/11 ENTERPRISE E5+OFFICE 365 E5 WITHOUT AUDIO CONFERENCING";180;23;0;0;0;16
"2023-07-29";"4140@anonimo.com";"False";;"2023-07-26";"MICROSOFT 365 E3+MICROSOFT FABRIC (FREE)";180;14;0;0;0;7
"2023-07-29";"3874@anonimo.com";"False";;"2023-04-14";;180;16;0;2;0;14
"2023-07-29";"4753@anonimo.com";"False";;"2023-07-27";"MICROSOFT 365 BUSINESS BASIC";180;0;0;0;0;3
"2023-07-29";"3234@anonimo.com";"False";;"2023-07-28";"MICROSOFT 365 E5+VISIO PLAN 2+WINDOWS 10/11 ENTERPRISE E5+MICROSOFT 365 AUDIO CONFERENCING";180;7;0;0;0;4
"2023-07-29";"1461@anonimo.com";"False";;"2023-07-28";"MICROSOFT POWER AUTOMATE FREE+MICROSOFT 365 F1";180;13;0;0;0;6
"2023-07-29";"4925@anonimo.com";"False";;"2023-07-11";"MICROSOFT POWER AUTOMATE FREE+MICROSOFT 365 E5";180;8631;0;0;0;11
"2023-07-29";"3670@anonimo.com";"False";;"2023-07-28";"MICROSOFT FABRIC (FREE)+MICROSOFT POWER AUTOMATE FREE+MICROSOFT 365 F1";180;1;0;0;0;7
"2023-07-29";"4481@anonimo.com";"False";;"2023-07-24";"POWER BI PRO+MICROSOFT 365 F1";180;19;0;2;0;12
"2023-07-29";"3728@anonimo.com";"False";;"2023-07-29";"OFFICE 365 E5 WITHOUT AUDIO CONFERENCING+MICROSOFT POWER AUTOMATE FREE";180;313;878;21;0;48
"2023-07-29";"5311@anonimo.com";"False";;"2023-07-28";"MICROSOFT 365 E3+MICROSOFT POWER AUTOMATE FREE+MICROSOFT FABRIC (FREE)";180;7;0;0;0;8
"2023-07-29";"3401@anonimo.com";"False";;"2023-07-18";"MICROSOFT 365 E3+MICROSOFT FABRIC (FREE)+MICROSOFT POWER AUTOMATE FREE+POWER BI PRO";180;14;0;0;0;6
"2023-07-29";"4720@anonimo.com";"False";;"2023-07-21";"OFFICE 365 E5 WITHOUT AUDIO CONFERENCING+MICROSOFT STREAM TRIAL+MICROSOFT POWER AUTOMATE FREE";180;15;4;2;0;9
"2023-07-29";"3889@anonimo.com";"False";;"2023-07-28";"MICROSOFT 365 AUDIO CONFERENCING+MICROSOFT POWER AUTOMATE FREE+MICROSOFT 365 E5+WINDOWS 10/11 ENTERPRISE E5+PROJECT PLAN 5";180;49;0;0;0;10
"2023-07-29";"5137@anonimo.com";"False";;"2023-07-28";"OFFICE 365 E5 WITHOUT AUDIO CONFERENCING";180;54;0;5;0;25
"2023-07-29";"3495@anonimo.com";"False";;"2023-07-28";"MICROSOFT 365 E3+POWER BI PRO+MICROSOFT POWER AUTOMATE FREE";180;222;324;2;0;33
"2023-07-29";"1485@anonimo.com";"False";;"2023-07-28";"MICROSOFT 365 E3+MICROSOFT POWER AUTOMATE FREE";180;17;0;0;0;13
"2023-07-29";"3467@anonimo.com";"False";;"2023-07-26";"MICROSOFT 365 E3+POWER BI PRO+MICROSOFT POWER APPS FOR DEVELOPER+MICROSOFT POWER AUTOMATE FREE";180;13;0;0;0;19
"2023-07-29";"5455@anonimo.com";"False";;"2023-07-28";"MICROSOFT FABRIC (FREE)+MICROSOFT 365 E5+MICROSOFT POWER AUTOMATE FREE";180;74;41;3;0;20
"2023-07-29";"4040@anonimo.com";"False";;"2023-07-29";"MICROSOFT 365 E3+MICROSOFT POWER AUTOMATE FREE+MICROSOFT FABRIC (FREE)+POWER BI PRO";180;81;42;3;0;22
"2023-07-29";"4078@anonimo.com";"False";;"2023-07-28";"MICROSOFT 365 AUDIO CONFERENCING+OFFICE 365 E5 WITHOUT AUDIO CONFERENCING+MICROSOFT POWER AUTOMATE FREE";180;55;44;0;0;15
"2023-07-29";"3251@anonimo.com";"False";;"2023-07-28";"MICROSOFT POWER AUTOMATE FREE+MICROSOFT 365 AUDIO CONFERENCING+PROJECT PLAN 5+MICROSOFT 365 E5";180;119;0;5;0;32
"2023-07-29";"3386@anonimo.com";"False";;"2023-07-28";"MICROSOFT 365 F1+MICROSOFT FABRIC (FREE)";180;152;0;1;0;15
"2023-07-29";"3497@anonimo.com";"False";;"2023-07-28";"MICROSOFT 365 E3+MICROSOFT POWER AUTOMATE FREE";180;218;0;2;0;113
"2023-07-29";"5076@anonimo.com";"False";;"2023-07-28";"MICROSOFT POWER AUTOMATE FREE+DYNAMICS 365 CUSTOMER ENGAGEMENT PLAN+MICROSOFT 365 E5+WINDOWS 10/11 ENTERPRISE E5+ENTERPRISE MOBILITY + SECURITY E3";180;84;66;10;0;16
"2023-07-29";"3841@anonimo.com";"False";;"2023-07-29";"MICROSOFT 365 E5+WINDOWS 10/11 ENTERPRISE E5+MICROSOFT POWER AUTOMATE FREE";180;231;600;22;1;17
"2023-07-29";"3703@anonimo.com";"False";;"2023-07-28";"OFFICE 365 E5 WITHOUT AUDIO CONFERENCING+MICROSOFT 365 AUDIO CONFERENCING+MICROSOFT POWER AUTOMATE FREE+ENTERPRISE MOBILITY + SECURITY E3";180;38;4;0;0;9
"2023-07-29";"4278@anonimo.com";"False";;"2023-03-29";;180;4;0;0;0;1
"2023-07-29";"5287@anonimo.com";"False";;"2023-07-28";"ENTERPRISE MOBILITY + SECURITY E3+MICROSOFT 365 AUDIO CONFERENCING+WINDOWS 10/11 ENTERPRISE E5+PROJECT PLAN 5+MICROSOFT 365 E5";180;152;701;5;0;54
"2023-07-29";"4559@anonimo.com";"False";;"2023-04-06";;180;9;19;0;0;3
"2023-07-29";"3959@anonimo.com";"False";;"2023-07-29";"OFFICE 365 E5 WITHOUT AUDIO CONFERENCING+MICROSOFT POWER AUTOMATE FREE";180;31;0;0;0;9
"2023-07-29";"4446@anonimo.com";"False";;"2023-07-28";"MICROSOFT STREAM TRIAL+MICROSOFT FABRIC (FREE)+MICROSOFT 365 E3+POWER BI PRO+MICROSOFT POWER AUTOMATE FREE";180;57;0;0;0;14
"2023-07-29";"5250@anonimo.com";"False";;"2023-07-28";"PROJECT PLAN 3+MICROSOFT 365 E5+ENTERPRISE MOBILITY + SECURITY E3+WINDOWS 10/11 ENTERPRISE E5+MICROSOFT 365 AUDIO CONFERENCING+MICROSOFT POWER AUTOMATE FREE+VISIO PLAN 2+POWER PAGES VTRIAL FOR MAKERS";180;70;0;3;0;37
"2023-07-29";"3563@anonimo.com";"False";;"2023-07-29";"MICROSOFT 365 E5";180;45;0;0;0;19
"2023-07-29";"1332@anonimo.com";"False";;"2023-07-11";"MICROSOFT 365 E3+MICROSOFT POWER AUTOMATE FREE+MICROSOFT FABRIC (FREE)";180;15;0;1;0;7
"2023-07-29";"4521@anonimo.com";"False";;"2023-07-28";"MICROSOFT 365 E3+MICROSOFT POWER AUTOMATE FREE+POWER BI PRO+MICROSOFT POWER APPS FOR DEVELOPER";180;50;0;5;0;43
"2023-07-29";"4664@anonimo.com";"False";;"2023-07-28";"MICROSOFT FABRIC (FREE)+MICROSOFT POWER AUTOMATE FREE+MICROSOFT 365 E3";180;25;0;0;0;11
"2023-07-29";"3335@anonimo.com";"False";;"2023-07-28";"MICROSOFT POWER AUTOMATE FREE+OFFICE 365 E5 WITHOUT AUDIO CONFERENCING";180;682;483;24;1;26
"2023-07-29";"4070@anonimo.com";"False";;"2023-07-29";"MICROSOFT 365 E3+MICROSOFT POWER AUTOMATE FREE+POWER BI PRO";180;24;0;0;0;15
"2023-07-29";"4166@anonimo.com";"False";;"2023-07-28";"MICROSOFT 365 E3+MICROSOFT FABRIC (FREE)+MICROSOFT POWER AUTOMATE FREE";180;114;46;5;0;21
"2023-07-29";"3293@anonimo.com";"False";;"2023-07-29";"DYNAMICS 365 CUSTOMER ENGAGEMENT PLAN+MICROSOFT POWER AUTOMATE FREE+MICROSOFT 365 AUDIO CONFERENCING+WINDOWS 10/11 ENTERPRISE E5+MICROSOFT FABRIC (FREE)+MICROSOFT 365 E3+POWER BI PRO";180;1084;954;4;0;27
"2023-07-29";"1409@anonimo.com";"False";;"2023-07-28";"MICROSOFT POWER AUTOMATE FREE+MICROSOFT 365 E5";180;42;838;0;0;14
"2023-07-29";"3561@anonimo.com";"False";;"2023-07-28";"MICROSOFT 365 BUSINESS PREMIUM";180;55;0;0;0;7
"2023-07-29";"3738@anonimo.com";"False";;"2023-07-25";"MICROSOFT 365 E5+WINDOWS 10/11 ENTERPRISE E5+PROJECT PLAN 5";180;79;278;0;0;3
"2023-07-29";"3203@anonimo.com";"False";;"2023-07-28";"MICROSOFT 365 AUDIO CONFERENCING+OFFICE 365 E5 WITHOUT AUDIO CONFERENCING+MICROSOFT POWER AUTOMATE FREE+VISIO PLAN 2";180;9;0;2;0;8
"2023-07-29";"1390@anonimo.com";"False";;"2023-01-18";"MICROSOFT 365 E3+MICROSOFT POWER AUTOMATE FREE";180;0;0;0;0;0
"2023-07-29";"5000@anonimo.com";"False";;"2023-07-28";"OFFICE 365 E5 WITHOUT AUDIO CONFERENCING+PROJECT PLAN 5+MICROSOFT POWER AUTOMATE FREE";180;1022;103;5;0;91
"2023-07-29";"3624@anonimo.com";"False";;"2023-01-18";;180;0;0;0;0;0
"2023-07-29";"5344@anonimo.com";"False";;"2021-05-27";"DYNAMICS 365 CUSTOMER ENGAGEMENT PLAN+MICROSOFT FABRIC (FREE)+MICROSOFT POWER AUTOMATE FREE+MICROSOFT POWER APPS FOR DEVELOPER";180;0;0;0;0;0
"2023-07-29";"1141@anonimo.com";"False";;"2023-07-28";"MICROSOFT 365 AUDIO CONFERENCING+OFFICE 365 E5 WITHOUT AUDIO CONFERENCING+MICROSOFT POWER AUTOMATE FREE";180;60;9;0;0;12
"2023-07-29";"3989@anonimo.com";"False";;"2023-06-20";"MICROSOFT 365 E3";180;18;0;0;0;14
"2023-07-29";"5777@anonimo.com";"False";;"2023-07-28";"OFFICE 365 E5 WITHOUT AUDIO CONFERENCING+MICROSOFT 365 AUDIO CONFERENCING+WINDOWS 10/11 ENTERPRISE E5";180;63;0;1;0;28
"2023-07-29";"4818@anonimo.com";"False";;"2023-07-28";"MICROSOFT 365 E5+MICROSOFT 365 AUDIO CONFERENCING";180;59;0;1;0;24
"2023-07-29";"850@anonimo.com";"False";;"2023-07-14";"MICROSOFT 365 E3+POWER BI PRO";180;20;0;0;0;11
"2023-07-29";"4158@anonimo.com";"False";;"2023-02-27";"MICROSOFT 365 E3";180;0;0;0;0;2
"2023-07-29";"3410@anonimo.com";"False";;"2023-07-11";"VISIO PLAN 2+MICROSOFT 365 E5+MICROSOFT 365 AUDIO CONFERENCING+WINDOWS 10/11 ENTERPRISE E5+MICROSOFT POWER AUTOMATE FREE";180;15;2;0;0;9
"2023-07-29";"5780@anonimo.com";"False";;"2023-07-28";"MICROSOFT 365 AUDIO CONFERENCING+OFFICE 365 E5 WITHOUT AUDIO CONFERENCING+MICROSOFT STREAM TRIAL+MICROSOFT POWER AUTOMATE FREE+ENTERPRISE MOBILITY + SECURITY E3";180;94;1;0;0;11
"2023-07-29";"854@anonimo.com";"False";;"2023-07-28";"MICROSOFT 365 E3+POWER BI PRO";180;97;2;0;0;13
"2023-07-29";"1200@anonimo.com";"False";;"2023-07-28";"MICROSOFT 365 E3+MICROSOFT POWER AUTOMATE FREE";180;82;0;0;0;24
"2023-07-29";"5050@anonimo.com";"False";;"2023-07-19";"MICROSOFT 365 AUDIO CONFERENCING+OFFICE 365 E5 WITHOUT AUDIO CONFERENCING+MICROSOFT POWER AUTOMATE FREE";180;19;0;1;0;10
"2023-07-29";"3292@anonimo.com";"False";;"2023-07-28";"MICROSOFT 365 E3+MICROSOFT 365 BUSINESS VOICE (WITHOUT CALLING PLAN)";180;327;0;0;0;19
"2023-07-29";"4348@anonimo.com";"False";;"2023-07-29";"POWER VIRTUAL AGENTS VIRAL TRIAL+DYNAMICS 365 CUSTOMER ENGAGEMENT PLAN+PROJECT PLAN 5+ENTERPRISE MOBILITY + SECURITY E3+MICROSOFT 365 E5+WINDOWS 10/11 ENTERPRISE E5+MICROSOFT POWER AUTOMATE FREE+MICROSOFT 365 AUDIO CONFERENCING+RIGHTS MANAGEMENT ADHOC";180;500;528;36;0;48
"2023-07-29";"3873@anonimo.com";"False";;"2023-05-03";"MICROSOFT POWER AUTOMATE FREE+MICROSOFT 365 F1";180;1;0;0;0;2
"2023-07-29";"968@anonimo.com";"False";;"2023-07-28";"MICROSOFT 365 E3+MICROSOFT POWER AUTOMATE FREE";180;47;0;0;0;20
"2023-07-29";"1206@anonimo.com";"False";;"2023-07-28";"MICROSOFT POWER AUTOMATE FREE+MICROSOFT 365 E5+PROJECT PLAN 5";180;255;331;9;0;63
"2023-07-29";"4882@anonimo.com";"False";;"2023-07-28";"OFFICE 365 E5 WITHOUT AUDIO CONFERENCING+MICROSOFT POWER AUTOMATE FREE";180;16;0;0;0;16
"2023-07-29";"5817@anonimo.com";"False";;"2023-07-25";"OFFICE 365 E5 WITHOUT AUDIO CONFERENCING+MICROSOFT POWER AUTOMATE FREE+MICROSOFT 365 AUDIO CONFERENCING";180;47;7;11;0;12
"2023-07-29";"4835@anonimo.com";"False";;"2023-07-28";"MICROSOFT 365 E3+MICROSOFT POWER AUTOMATE FREE+MICROSOFT FABRIC (FREE)+VISIO PLAN 2+POWER BI PRO";180;911;1254;15;0;36
"2023-07-29";"5722@anonimo.com";"False";;"2023-07-26";"WINDOWS 10/11 ENTERPRISE E5+MICROSOFT 365 E5+MICROSOFT POWER AUTOMATE FREE";180;57;0;1;0;22
"2023-07-29";"3895@anonimo.com";"False";;"2023-02-06";"MICROSOFT POWER AUTOMATE FREE+MICROSOFT 365 E3";180;4;0;0;0;1
"2023-07-29";"5066@anonimo.com";"False";;"2023-07-28";"MICROSOFT 365 E3+MICROSOFT POWER AUTOMATE FREE";180;16;0;0;0;5
"2023-07-29";"4776@anonimo.com";"False";;"2023-07-28";"DYNAMICS 365 CUSTOMER ENGAGEMENT PLAN+MICROSOFT 365 AUDIO CONFERENCING+MICROSOFT POWER AUTOMATE FREE+ENTERPRISE MOBILITY + SECURITY E3+OFFICE 365 E5 WITHOUT AUDIO CONFERENCING";180;256;594;0;0;15
"2023-07-29";"1047@anonimo.com";"False";;"2023-07-25";"OFFICE 365 E5 WITHOUT AUDIO CONFERENCING+MICROSOFT 365 AUDIO CONFERENCING+MICROSOFT POWER AUTOMATE FREE";180;0;0;0;0;3
"2023-07-29";"4037@anonimo.com";"False";;"2023-01-03";"MICROSOFT POWER AUTOMATE FREE+MICROSOFT FABRIC (FREE)+PROJECT PLAN 5";180;0;0;0;0;0
"2023-07-29";"4640@anonimo.com";"False";;"2023-07-27";"MICROSOFT 365 E3+MICROSOFT POWER AUTOMATE FREE+MICROSOFT POWER APPS FOR DEVELOPER+POWER BI PRO";180;16;0;0;0;9
"2023-07-29";"4958@anonimo.com";"False";;"2023-07-28";"MICROSOFT POWER AUTOMATE FREE+MICROSOFT 365 E3";180;13;0;0;0;11
"2023-07-29";"4587@anonimo.com";"False";;"2023-07-28";"MICROSOFT 365 BUSINESS VOICE (WITHOUT CALLING PLAN)+MICROSOFT 365 E3+MICROSOFT POWER AUTOMATE FREE+MICROSOFT FABRIC (FREE)";180;123;1;13;0;37
"2023-07-29";"5683@anonimo.com";"False";;"2023-07-27";"MICROSOFT 365 E3";180;13;0;0;0;9
"2023-07-29";"5377@anonimo.com";"False";;"2023-07-28";"MICROSOFT POWER AUTOMATE FREE+MICROSOFT FABRIC (FREE)+MICROSOFT 365 E3";180;12;0;0;0;16
"2023-07-29";"5279@anonimo.com";"False";;"2023-07-28";"MICROSOFT 365 AUDIO CONFERENCING+MICROSOFT POWER AUTOMATE FREE+MICROSOFT 365 E5";180;34;0;1;0;20
"2023-07-29";"5536@anonimo.com";"False";;"2023-07-25";"MICROSOFT 365 E5+MICROSOFT POWER AUTOMATE FREE+MICROSOFT STREAM TRIAL+VISIO PLAN 2";180;68;0;2;0;26
"2023-07-29";"3648@anonimo.com";"False";;"2023-07-28";"OFFICE 365 E5 WITHOUT AUDIO CONFERENCING+MICROSOFT POWER AUTOMATE FREE+MICROSOFT 365 AUDIO CONFERENCING";180;6;0;0;0;6
"2023-07-29";"5879@anonimo.com";"False";;;"MICROSOFT 365 F1";180;0;0;0;0;0
"2023-07-29";"4598@anonimo.com";"False";;"2023-07-26";"POWER BI PRO+MICROSOFT 365 E3+MICROSOFT POWER AUTOMATE FREE";180;8;0;0;0;6
"2023-07-29";"4616@anonimo.com";"False";;"2023-07-28";"MICROSOFT 365 E3+MICROSOFT POWER AUTOMATE FREE+DYNAMICS 365 CUSTOMER VOICE USL+POWERAPPS AND LOGIC FLOWS+DYNAMICS 365 CUSTOMER ENGAGEMENT PLAN+MICROSOFT POWER APPS PLAN 2 TRIAL+MICROSOFT 365 BUSINESS VOICE (WITHOUT CALLING PLAN)+POWER BI PRO";180;33;0;25;0;29
"2023-07-29";"1403@anonimo.com";"False";;"2023-07-28";"MICROSOFT POWER AUTOMATE FREE+MICROSOFT 365 E3";180;159;0;0;0;22
"2023-07-29";"4499@anonimo.com";"False";;"2023-07-11";"VISIO PLAN 2+MICROSOFT 365 E5+MICROSOFT 365 AUDIO CONFERENCING+MICROSOFT POWER AUTOMATE FREE+WINDOWS 10/11 ENTERPRISE E5+PROJECT PLAN 5";180;17;0;0;0;14
"2023-07-29";"5288@anonimo.com";"False";;"2023-07-28";"PROJECT PLAN 5+MICROSOFT POWER AUTOMATE FREE+MICROSOFT 365 AUDIO CONFERENCING+OFFICE 365 E5 WITHOUT AUDIO CONFERENCING";180;472;1376;31;0;63
"2023-07-29";"4952@anonimo.com";"False";;"2023-04-19";;180;4;0;0;0;5
"2023-07-29";"3750@anonimo.com";"False";;"2023-07-28";"OFFICE 365 E5 WITHOUT AUDIO CONFERENCING+MICROSOFT 365 AUDIO CONFERENCING+MICROSOFT POWER AUTOMATE FREE";180;6;0;0;0;6
"2023-07-29";"1099@anonimo.com";"False";;"2023-07-07";"MICROSOFT STREAM TRIAL+MICROSOFT 365 E3+MICROSOFT POWER AUTOMATE FREE+POWER BI PRO";180;9;0;0;0;3
"2023-07-29";"1506@anonimo.com";"False";;"2023-06-16";"MICROSOFT 365 F1";180;0;0;0;0;4
"2023-07-29";"5613@anonimo.com";"False";;"2023-07-17";"MICROSOFT 365 F1";180;2;0;0;0;1
"2023-07-29";"3439@anonimo.com";"False";;"2023-07-26";"MICROSOFT 365 E5+DYNAMICS 365 CUSTOMER ENGAGEMENT PLAN+MICROSOFT POWER AUTOMATE FREE";180;55;0;3;0;24
"2023-07-29";"3791@anonimo.com";"False";;"2023-07-19";"MICROSOFT 365 BUSINESS BASIC";180;0;0;0;0;1
